year,team,points,standarised_points_score,position,positon_reversed,adjusted_position_z_score,composite_team_score,team_2,total_score,total_score_sub1,attacking_score_6,attacking_score_6_sub1,defensive_score_8,defensive_score_8_sub1,ball_progression_6,ball_progression_6_sub1,xg_diff,xg_diff_sub1,xg_diff_sub2,possesion_threat,possesion_threat_sub1,possesion_threat_sub2,goals,xg,xg_sub1,xg_sub2,shots_on_target,shots_on_target_sub1,shots_on_target_sub2,shots_on_target_sub3,shots_on_target_sub4,shots_on_target_sub5,shots_on_target_sub6,passes_accurate,passes_accurate_sub1,passes_accurate_sub2,possession_pct,losses_low_medium_high,losses_low_medium_high_sub1,losses_low_medium_high_sub2,losses_low_medium_high_sub3,recoveries_low_medium_high,recoveries_low_medium_high_sub1,recoveries_low_medium_high_sub2,recoveries_low_medium_high_sub3,recoveries_low_medium_high_sub4,recoveries_low_medium_high_sub5,recoveries_low_medium_high_sub6,duels_won,duels_won_sub1,duels_won_sub2,shots_from_outside_penalty_area_on_target,shots_from_outside_penalty_area_on_target_sub1,shots_from_outside_penalty_area_on_target_sub2,positional_attacks_with_shots,positional_attacks_with_shots_sub1,positional_attacks_with_shots_sub2,positional_attacks_with_shots_sub3,positional_attacks_with_shots_sub4,counterattacks_with_shots,counterattacks_with_shots_sub1,counterattacks_with_shots_sub2,set_pieces_with_shots,set_pieces_with_shots_sub1,set_pieces_with_shots_sub2,corners_with_shots,corners_with_shots_sub1,corners_with_shots_sub2,free_kicks_with_shots,free_kicks_with_shots_sub1,free_kicks_with_shots_sub2,penalties_converted,penalties_converted_sub1,penalties_converted_sub2,crosses_accurate,crosses_accurate_sub1,crosses_accurate_sub2,deep_completed_crosses,deep_completed_passes,deep_completed_passes_sub1,deep_completed_passes_sub2,penalty_area_entries_runs_crosses,penalty_area_entries_runs_crosses_sub1,penalty_area_entries_runs_crosses_sub2,penalty_area_entries_runs_crosses_sub3,penalty_area_entries_runs_crosses_sub4,touches_in_penalty_area,touches_in_penalty_area_sub1,touches_in_penalty_area_sub2,offensive_duels_won,offensive_duels_won_sub1,offensive_duels_won_sub2,offsides,conceded_goals,shots_against_on_target,shots_against_on_target_sub1,shots_against_on_target_sub2,shots_against_on_target_sub3,shots_against_on_target_sub4,shots_against_on_target_sub5,shots_against_on_target_sub6,defensive_duels_won,defensive_duels_won_sub1,defensive_duels_won_sub2,aerial_duels_won,aerial_duels_won_sub1,aerial_duels_won_sub2,sliding_tackles_successful,sliding_tackles_successful_sub1,sliding_tackles_successful_sub2,interceptions,interceptions_sub1,interceptions_sub2,clearances,fouls,yellow_cards,red_cards,forward_passes_accurate,forward_passes_accurate_sub1,forward_passes_accurate_sub2,forward_passes_accurate_sub3,forward_passes_accurate_sub4,back_passes_accurate,back_passes_accurate_sub1,back_passes_accurate_sub2,lateral_passes_accurate,lateral_passes_accurate_sub1,lateral_passes_accurate_sub2,long_passes_accurate,long_passes_accurate_sub1,long_passes_accurate_sub2,passes_to_final_third_accurate,passes_to_final_third_accurate_sub1,passes_to_final_third_accurate_sub2,passes_to_final_third_accurate_sub3,passes_to_final_third_accurate_sub4,progressive_passes_accurate,progressive_passes_accurate_sub1,progressive_passes_accurate_sub2,progressive_passes_accurate_sub3,progressive_passes_accurate_sub4,smart_passes_accurate,smart_passes_accurate_sub1,smart_passes_accurate_sub2,throw_ins_accurate,throw_ins_accurate_sub1,throw_ins_accurate_sub2,goal_kicks,match_tempo,average_passes_per_possession,long_pass_pct,average_shot_distance,average_shot_distance_sub1,average_shot_distance_sub2,average_pass_length,ppda,ppda_sub1,ppda_sub2,goals_2,xg_2,xg_sub1,xg_sub2,shots_on_target_2,shots_on_target_sub1,shots_on_target_sub2,passes_accurate_2,passes_accurate_sub1,passes_accurate_sub2,passes_accurate_sub3,passes_accurate_sub4,possession_pct_2,losses_low_medium_high_2,losses_low_medium_high_sub1,losses_low_medium_high_sub2,losses_low_medium_high_sub3,recoveries_low_medium_high_2,recoveries_low_medium_high_sub1,recoveries_low_medium_high_sub2,recoveries_low_medium_high_sub3,duels_won_2,duels_won_sub1,duels_won_sub2,shots_from_outside_penalty_area_on_target_2,shots_from_outside_penalty_area_on_target_sub1,shots_from_outside_penalty_area_on_target_sub2,positional_attacks_with_shots_2,positional_attacks_with_shots_sub1,positional_attacks_with_shots_sub2,counterattacks_with_shots_2,counterattacks_with_shots_sub1,counterattacks_with_shots_sub2,set_pieces_with_shots_2,set_pieces_with_shots_sub1,set_pieces_with_shots_sub2,corners_with_shots_2,corners_with_shots_sub1,corners_with_shots_sub2,free_kicks_with_shots_2,free_kicks_with_shots_sub1,free_kicks_with_shots_sub2,penalties_converted_2,penalties_converted_sub1,penalties_converted_sub2,crosses_accurate_2,crosses_accurate_sub1,crosses_accurate_sub2,deep_completed_crosses_2,deep_completed_passes_2,penalty_area_entries_runs_crosses_2,penalty_area_entries_runs_crosses_sub1,penalty_area_entries_runs_crosses_sub2,touches_in_penalty_area_2,offensive_duels_won_2,offensive_duels_won_sub1,offensive_duels_won_sub2,offsides_2,conceded_goals_2,shots_against_on_target_2,shots_against_on_target_sub1,shots_against_on_target_sub2,defensive_duels_won_2,defensive_duels_won_sub1,defensive_duels_won_sub2,aerial_duels_won_2,aerial_duels_won_sub1,aerial_duels_won_sub2,sliding_tackles_successful_2,sliding_tackles_successful_sub1,sliding_tackles_successful_sub2,interceptions_2,clearances_2,fouls_2,yellow_cards_2,red_cards_2,forward_passes_accurate_2,forward_passes_accurate_sub1,forward_passes_accurate_sub2,back_passes_accurate_2,back_passes_accurate_sub1,back_passes_accurate_sub2,lateral_passes_accurate_2,lateral_passes_accurate_sub1,lateral_passes_accurate_sub2,long_passes_accurate_2,long_passes_accurate_sub1,long_passes_accurate_sub2,passes_to_final_third_accurate_2,passes_to_final_third_accurate_sub1,passes_to_final_third_accurate_sub2,progressive_passes_accurate_2,progressive_passes_accurate_sub1,progressive_passes_accurate_sub2,progressive_passes_accurate_sub3,progressive_passes_accurate_sub4,smart_passes_accurate_2,smart_passes_accurate_sub1,smart_passes_accurate_sub2,throw_ins_accurate_2,throw_ins_accurate_sub1,throw_ins_accurate_sub2,goal_kicks_2,match_tempo_2,average_passes_per_possession_2,long_pass_pct_2,average_shot_distance_2,average_pass_length_2,ppda_2
2022,Louisville City,72.0,,1.0,,,,East,,,,,,,,,,,,,,,1.86,1.81,,,13.24,,,5.54,,,41.84,438.35,356.14,81.24,54.54,114.08,16.24,38.27,59.57,89.81,35.38,37.32,,,17.11,,206.54,98.32,47.61,4.54,1.35,29.76,34.19,7.68,,,22.45,1.62,0.86,53.33,27.46,3.81,13.88,6.16,1.59,25.88,2.95,0.76,25.69,0.27,0.27,100.0,18.19,5.27,28.97,5.41,7.3,,,28.68,,,5.49,10.78,20.14,,,65.84,26.46,40.19,2.65,0.89,7.51,,,2.95,,,39.21,62.22,36.81,59.17,46.11,21.81,47.3,4.0,1.73,43.24,39.03,,,14.08,13.7,2.16,0.22,152.57,106.86,,,70.04,65.54,61.57,93.94,160.22,140.08,87.43,51.54,26.41,51.23,63.54,41.76,,,65.72,75.46,56.65,,,75.07,5.59,1.97,35.27,23.73,21.0,88.5,5.97,16.18,3.93,12.25,17.19,,,20.59,8.17,,,0.89,0.93,,,7.51,2.76,36.69,352.22,,,271.59,77.11,45.46,115.14,26.05,43.81,45.27,85.51,45.84,30.0,9.68,206.54,99.27,48.06,2.86,0.73,25.47,21.65,4.59,21.22,1.35,0.68,50.0,26.84,2.03,7.55,3.27,0.78,23.97,2.19,0.35,16.05,0.16,0.14,83.33,10.81,3.38,31.25,3.7,3.11,17.3,3.19,6.78,9.76,62.24,25.41,40.82,4.49,1.86,13.24,5.65,42.65,65.84,39.38,59.81,46.08,21.27,46.16,4.86,2.27,46.67,48.14,18.84,12.32,2.32,0.24,129.41,81.19,62.74,53.3,49.49,92.85,124.84,105.89,84.82,61.0,29.81,48.87,49.19,26.68,54.23,69.86,41.41,59.26,,,3.86,1.32,34.27,23.27,20.7,88.97,9.73,15.55,3.18,18.01,17.74,21.62,12.84
2023,San Antonio,56.0,,4.0,,,,West,,,,,,,,,,,,,,,1.81,1.52,,,13.44,,,5.0,,,37.19,258.19,185.19,71.73,45.03,118.83,18.33,35.42,65.08,91.42,36.5,39.97,,,14.94,,245.42,116.75,47.57,6.06,1.81,29.82,34.53,8.14,,,23.57,1.44,0.78,53.85,26.81,3.5,13.06,6.31,1.56,24.67,5.53,1.19,21.61,0.11,0.08,75.0,16.36,5.14,31.41,5.39,5.94,,,25.17,,,3.92,10.5,16.75,,,74.36,29.39,39.52,2.53,1.14,9.61,,,3.61,,,37.57,78.08,48.06,61.54,51.42,22.58,43.92,3.39,1.39,40.98,42.31,,,19.06,15.89,2.58,0.14,121.5,79.08,,,65.09,32.64,29.44,90.21,62.78,46.17,73.54,48.72,23.56,48.35,55.22,33.58,,,60.81,64.44,48.19,,,74.78,2.44,1.17,47.73,27.06,21.08,77.93,7.86,14.16,2.2,19.48,19.14,,,21.14,6.6,,,1.14,1.1,,,9.61,3.56,36.99,328.28,,,250.67,76.36,54.97,121.0,24.22,47.42,49.36,88.81,50.08,29.36,9.36,245.42,115.44,47.04,4.33,1.06,24.36,25.5,5.36,21.02,1.42,0.36,25.49,30.33,3.28,10.81,4.44,1.42,31.88,2.92,0.56,19.05,0.11,0.08,75.0,13.33,3.92,29.38,3.75,4.89,19.67,3.17,7.67,12.97,78.11,30.03,38.44,0.86,1.81,13.44,5.25,39.05,74.33,44.94,60.46,51.42,23.64,45.98,4.36,2.08,47.77,45.81,23.44,13.89,2.75,0.19,134.67,91.56,67.99,43.28,39.39,91.01,100.08,81.86,81.79,48.92,26.22,53.61,46.5,29.92,64.34,71.08,47.56,66.9,,,2.72,1.14,41.84,24.83,21.5,86.58,10.11,14.72,2.78,15.39,19.22,20.36,6.92
2025,Louisville City,73.0,,1.0,,,,East,,,,,,,,,,,,,,,1.81,1.58,,,12.94,,,4.55,,,35.16,324.52,249.52,76.89,45.69,115.26,17.87,37.58,59.81,84.81,32.16,37.71,,,14.94,,188.0,93.13,49.54,4.61,0.97,20.98,31.19,8.77,,,28.13,0.68,0.32,47.62,24.23,3.39,13.98,6.42,1.74,27.14,2.71,0.87,32.14,0.1,0.03,33.33,19.06,6.97,36.55,6.71,6.81,,,26.23,,,3.03,12.48,19.23,,,51.42,20.9,40.65,2.16,0.65,9.29,,,3.45,,,37.15,54.71,33.48,61.2,58.42,28.52,48.81,2.32,1.03,44.44,35.23,,,16.71,13.42,1.71,0.06,127.1,86.03,,,67.69,41.87,38.39,91.68,111.19,92.84,83.49,45.13,22.03,48.82,54.81,33.71,,,61.51,66.06,49.39,,,74.76,0.68,0.19,28.57,22.48,18.71,83.21,6.55,15.6,3.08,14.58,17.22,,,20.87,10.14,,,0.65,0.88,,,9.29,3.26,35.07,385.29,,,310.29,80.53,54.31,119.94,26.74,45.71,47.48,80.58,41.42,29.19,9.97,188.0,85.29,45.37,3.84,1.23,31.93,23.58,5.81,24.62,0.55,0.23,41.18,26.71,3.0,11.23,3.81,1.1,28.81,2.03,0.48,23.81,0.03,0.03,100.0,12.65,3.94,31.12,3.74,4.9,20.29,2.74,8.61,12.26,54.71,21.23,38.8,1.13,1.81,12.94,4.81,37.16,51.42,30.52,59.35,58.42,24.19,41.41,2.58,1.48,57.5,40.16,18.74,11.9,2.13,0.19,138.9,92.52,66.6,58.48,54.9,93.88,138.48,122.74,88.63,55.81,28.45,50.98,52.1,32.68,62.72,71.13,47.0,66.08,,,0.45,0.16,35.71,22.68,19.39,85.49,9.87,15.53,3.7,15.18,18.15,20.86,10.43
2024,Indy Eleven,51.0,,4.0,,,,East,,,,,,,,,,,,,,,1.46,1.36,,,11.54,,,4.37,,,37.87,349.46,272.29,77.92,45.37,108.14,18.06,31.86,58.23,82.63,34.86,33.06,,,14.71,,193.29,88.8,45.94,4.77,1.63,34.13,30.23,6.66,,,22.02,1.23,0.57,46.51,25.37,3.51,13.85,5.23,1.2,22.95,2.23,0.66,29.49,0.2,0.2,100.0,19.23,5.34,27.79,5.2,6.86,,,25.2,,,2.57,11.8,16.97,,,55.89,20.77,37.17,1.83,1.51,12.4,,,4.51,,,36.41,64.46,37.89,58.78,41.51,18.26,43.98,2.89,1.51,52.48,37.6,,,15.91,14.89,2.63,0.06,132.23,91.31,,,69.06,48.49,44.74,92.28,117.4,97.14,82.75,47.51,24.74,52.07,58.0,37.09,,,63.94,68.4,51.43,,,75.19,1.37,0.49,35.42,22.11,18.23,82.43,8.43,16.12,3.32,14.21,18.4,,,20.5,10.18,,,1.51,1.39,,,12.4,4.26,34.33,405.03,,,330.17,81.52,54.63,111.8,24.4,39.69,47.71,82.09,43.23,28.91,9.94,193.29,95.89,49.61,5.54,1.31,23.71,27.23,7.66,28.12,0.94,0.51,54.55,28.8,3.69,12.8,5.2,1.51,29.12,2.29,0.57,25.0,0.09,0.06,66.67,14.8,4.8,32.43,4.86,7.49,25.89,4.11,9.26,17.6,64.46,26.57,41.22,1.71,1.46,11.54,4.51,39.11,55.89,35.11,62.83,41.51,19.89,47.9,1.86,0.6,32.31,44.11,17.74,12.4,2.31,0.2,143.49,102.54,71.47,62.83,59.17,94.18,141.97,122.83,86.52,50.51,27.2,53.85,51.63,34.69,67.18,75.74,51.4,67.86,,,1.91,0.91,47.76,19.91,17.77,89.24,8.4,15.48,3.79,13.11,18.96,20.09,10.51
2023,Indy Eleven,49.0,,6.0,,,,East,,,,,,,,,,,,,,,1.46,1.36,,,11.54,,,4.37,,,37.87,349.46,272.29,77.92,45.37,108.14,18.06,31.86,58.23,82.63,34.86,33.06,,,14.71,,193.29,88.8,45.94,4.77,1.63,34.13,30.23,6.66,,,22.02,1.23,0.57,46.51,25.37,3.51,13.85,5.23,1.2,22.95,2.23,0.66,29.49,0.2,0.2,100.0,19.23,5.34,27.79,5.2,6.86,,,25.2,,,2.57,11.8,16.97,,,55.89,20.77,37.17,1.83,1.51,12.4,,,4.51,,,36.41,64.46,37.89,58.78,41.51,18.26,43.98,2.89,1.51,52.48,37.6,,,15.91,14.89,2.63,0.06,132.23,91.31,,,69.06,48.49,44.74,92.28,117.4,97.14,82.75,47.51,24.74,52.07,58.0,37.09,,,63.94,68.4,51.43,,,75.19,1.37,0.49,35.42,22.11,18.23,82.43,8.43,16.12,3.32,14.21,18.4,,,20.5,10.18,,,1.51,1.39,,,12.4,4.26,34.33,405.03,,,330.17,81.52,54.63,111.8,24.4,39.69,47.71,82.09,43.23,28.91,9.94,193.29,95.89,49.61,5.54,1.31,23.71,27.23,7.66,28.12,0.94,0.51,54.55,28.8,3.69,12.8,5.2,1.51,29.12,2.29,0.57,25.0,0.09,0.06,66.67,14.8,4.8,32.43,4.86,7.49,25.89,4.11,9.26,17.6,64.46,26.57,41.22,1.71,1.46,11.54,4.51,39.11,55.89,35.11,62.83,41.51,19.89,47.9,1.86,0.6,32.31,44.11,17.74,12.4,2.31,0.2,143.49,102.54,71.47,62.83,59.17,94.18,141.97,122.83,86.52,50.51,27.2,53.85,51.63,34.69,67.18,75.74,51.4,67.86,,,1.91,0.91,47.76,19.91,17.77,89.24,8.4,15.48,3.79,13.11,18.96,20.09,10.51
2025,FC Tulsa,57.0,,1.0,,,,West,,,,,,,,,,,,,,,1.68,1.67,,,13.08,,,4.18,,,31.93,297.93,223.98,75.18,46.6,116.28,18.25,39.68,58.35,83.6,33.78,35.5,,,14.33,,208.48,98.65,47.32,5.18,1.13,21.74,28.55,8.08,,,28.28,0.48,0.33,68.42,28.15,3.95,14.03,5.33,1.68,31.46,3.05,0.65,21.31,0.23,0.2,88.89,16.78,5.88,35.02,6.0,7.25,,,26.58,,,3.23,11.35,19.03,,,59.48,24.0,40.35,1.13,0.98,10.43,,,3.3,,,31.65,63.98,38.48,60.14,55.88,23.63,42.28,3.23,1.7,52.71,37.08,,,17.05,16.83,3.03,0.08,119.58,78.45,,,65.61,40.73,37.15,91.22,96.9,79.53,82.07,49.78,24.63,49.47,52.1,32.18,,,61.76,65.88,48.1,,,73.02,0.73,0.4,55.17,22.15,18.78,84.76,8.3,14.47,2.8,17.21,17.82,,,21.48,9.02,,,0.98,1.14,,,10.43,3.15,30.22,355.35,,,279.25,78.58,53.4,119.75,26.58,43.9,49.28,81.88,41.2,30.9,9.78,208.48,99.4,47.68,3.83,0.85,22.22,23.13,5.83,25.19,0.65,0.38,57.69,29.5,3.63,12.29,4.35,1.38,31.61,3.43,0.98,28.47,0.13,0.13,100.0,13.58,4.75,34.99,4.58,5.6,21.98,3.23,8.6,15.2,63.95,25.48,39.84,1.53,1.68,13.08,4.38,33.46,59.5,35.48,59.62,55.88,26.95,48.23,2.98,1.4,47.06,38.0,18.85,14.98,2.43,0.1,136.83,91.35,66.76,52.0,48.23,92.74,119.78,102.75,85.79,53.88,26.13,48.49,50.75,30.5,60.1,68.6,45.08,65.71,,,0.95,0.45,47.37,22.28,19.3,86.64,9.48,15.06,3.36,15.87,17.37,21.13,7.79
2022,Rio Grande Valley,49.0,,6.0,,,,West,,,,,,,,,,,,,,,1.46,1.45,,,13.11,,,4.34,,,33.12,401.77,328.6,81.79,51.78,99.37,13.83,38.69,46.86,81.8,34.46,33.29,,,14.06,,203.11,97.57,48.04,5.74,1.4,24.38,30.37,7.83,,,25.78,1.69,0.91,54.24,27.83,3.83,13.76,5.31,2.14,40.32,2.6,0.43,16.48,0.09,0.0,0.0,17.6,5.51,31.33,5.54,6.69,,,25.09,,,3.66,10.8,17.29,,,70.17,27.94,39.82,1.83,1.23,8.31,,,3.6,,,43.3,67.23,40.63,60.43,35.0,16.0,45.71,4.29,2.31,54.0,36.26,,,13.31,14.11,2.51,0.11,139.14,98.89,,,71.07,60.34,56.6,93.8,147.46,129.0,87.48,51.63,27.23,52.74,53.8,35.63,,,66.22,72.37,53.49,,,73.9,3.66,1.69,46.09,23.94,21.86,91.29,7.77,15.81,3.66,13.79,19.17,,,21.06,9.75,,,1.23,1.05,,,8.31,3.46,41.58,375.86,,,306.26,81.48,48.22,104.6,21.31,38.51,44.77,78.8,38.03,31.69,9.09,203.11,98.23,48.36,3.57,1.17,32.8,24.6,4.86,19.74,1.23,0.37,30.23,28.03,2.43,8.66,3.74,0.71,19.08,3.0,0.69,22.86,0.14,0.09,60.0,11.49,3.66,31.84,3.66,4.49,18.34,2.91,6.71,11.66,67.23,26.6,39.57,1.74,1.46,13.11,4.6,35.08,70.14,42.2,60.16,35.03,17.03,48.61,4.4,1.97,44.81,40.8,16.51,14.63,3.31,0.17,136.77,96.91,70.86,57.51,53.54,93.09,127.23,111.97,88.01,43.17,22.06,51.09,46.31,28.4,61.32,63.91,44.49,69.6,,,3.77,1.2,31.82,22.09,19.83,89.78,9.97,15.87,3.55,12.19,18.11,20.02,11.31
2025,Pittsburgh Riverhounds,44.0,,4.0,,,,East,,,,,,,,,,,,,,,0.97,1.19,,,9.41,,,3.44,,,36.56,411.18,319.74,77.76,50.64,128.82,17.97,49.06,61.79,92.47,38.53,39.94,,,14.0,,202.76,96.44,47.56,3.26,0.91,27.93,29.03,6.06,,,20.87,0.41,0.06,14.29,26.47,3.0,11.33,5.12,1.18,22.99,2.53,0.82,32.56,0.09,0.09,100.0,18.21,5.12,28.11,4.97,5.94,,,26.26,,,3.41,11.09,16.21,,,58.88,21.82,37.06,2.32,0.82,9.0,,,3.03,,,33.66,58.76,36.65,62.36,57.15,26.53,46.42,1.59,0.79,50.0,38.97,,,14.32,13.15,1.68,0.03,149.32,96.44,,,64.59,62.18,58.21,93.61,148.0,126.29,85.33,63.94,31.74,49.63,64.5,38.88,,,60.28,80.53,56.94,,,70.71,0.79,0.32,40.74,24.38,20.85,85.52,7.15,16.03,3.75,16.08,16.75,,,21.12,11.32,,,0.82,0.91,,,9.0,2.91,32.35,407.82,,,321.12,78.74,49.36,132.65,22.97,52.47,57.21,91.82,42.56,38.65,10.62,202.76,96.38,47.53,4.15,1.09,26.24,24.47,5.24,21.39,0.56,0.32,57.89,25.82,2.94,11.39,4.0,1.21,30.15,2.5,0.44,17.65,0.03,0.0,0.0,10.65,3.18,29.83,3.26,4.47,18.97,2.59,6.62,11.38,58.76,22.12,37.64,1.59,0.97,9.41,3.62,38.44,58.88,37.06,62.94,57.15,25.53,44.67,2.0,0.91,45.59,41.53,18.56,14.03,1.76,0.06,152.03,97.91,64.4,59.26,55.53,93.7,140.29,123.79,88.24,63.94,32.06,50.14,57.56,32.03,55.65,74.32,48.85,65.73,,,0.82,0.26,32.14,24.35,20.97,86.11,8.24,16.43,3.77,16.17,19.97,20.87,11.3
2024,Louisville City,76.0,,1.0,,,,East,,,,,,,,,,,,,,,2.47,2.05,,,15.47,,,5.81,,,37.52,360.08,289.69,80.45,47.14,104.19,16.56,33.86,53.78,83.81,32.89,37.11,,,13.81,,197.83,97.39,49.23,6.86,1.72,25.1,32.03,9.39,,,29.31,1.03,0.67,64.86,24.92,4.53,18.17,6.08,2.17,35.62,2.72,0.64,23.47,0.22,0.19,87.5,17.17,6.06,35.28,6.31,6.83,,,26.11,,,3.97,10.72,18.69,,,65.19,26.25,40.26,2.31,1.33,9.39,,,3.72,,,39.64,62.42,37.81,60.57,44.14,22.5,50.98,2.47,1.39,56.18,36.0,,,12.94,14.08,2.19,0.06,133.42,94.44,,,70.79,50.58,47.53,93.96,129.58,111.97,86.41,46.47,24.94,53.68,58.11,37.64,,,64.77,70.67,53.11,,,75.16,1.78,0.67,37.5,21.14,19.31,91.33,6.75,15.42,3.46,13.4,17.65,,,20.91,10.56,,,1.33,1.21,,,9.39,3.47,36.98,416.97,,,343.78,82.45,52.86,108.97,24.03,41.36,43.58,78.72,40.17,28.64,9.92,197.83,92.78,46.9,3.92,0.89,22.7,22.89,5.5,24.03,1.0,0.47,47.22,28.11,3.0,10.67,3.33,1.08,32.5,1.86,0.5,26.87,0.17,0.08,50.0,12.61,3.94,31.28,3.69,4.81,18.86,3.11,8.03,12.42,62.42,24.61,39.43,1.72,2.47,15.47,6.11,39.5,65.25,38.94,59.68,44.08,18.11,41.08,3.03,1.75,57.8,40.03,16.36,12.08,2.42,0.03,141.69,98.42,69.46,63.25,59.81,94.55,156.22,139.5,89.3,53.42,26.89,50.34,50.33,32.31,64.18,72.25,48.0,66.44,,,1.69,0.81,47.54,19.83,17.78,89.64,10.36,15.9,4.07,13.26,18.81,20.51,11.88
2022,San Antonio,77.0,,1.0,,,,West,,,,,,,,,,,,,,,1.68,1.46,,,12.92,,,5.05,,,39.12,261.08,187.84,71.95,43.42,113.73,19.7,36.03,58.0,88.68,36.59,38.59,,,13.49,,229.16,112.0,48.87,5.7,1.49,26.07,31.46,7.92,,,25.17,1.7,0.62,36.51,24.49,3.46,14.13,4.89,1.41,28.73,4.65,1.22,26.16,0.22,0.11,50.0,14.27,3.68,25.76,3.78,6.35,,,22.84,,,3.7,8.27,16.41,,,68.38,27.76,40.59,2.46,0.73,10.22,,,3.54,,,34.66,79.84,47.3,59.24,44.57,22.16,49.73,4.27,2.19,51.27,44.92,,,20.97,15.0,2.86,0.08,117.41,74.97,,,63.86,31.32,28.19,89.99,75.84,58.11,76.62,43.24,19.73,45.63,51.35,29.57,,,57.58,61.7,44.65,,,72.36,3.78,1.49,39.29,25.27,20.3,80.32,8.24,14.26,2.26,17.26,19.11,,,21.71,7.73,,,0.73,1.0,,,10.22,3.3,32.28,367.35,,,284.46,77.44,56.58,121.35,21.73,48.41,51.22,84.92,44.81,29.16,10.95,229.16,107.05,46.72,4.7,1.11,23.56,28.05,5.76,20.52,0.76,0.3,39.29,30.81,3.59,11.67,5.35,1.76,32.83,2.78,0.41,14.56,0.05,0.03,50.0,16.81,5.16,30.71,4.95,4.95,23.65,3.84,10.59,14.24,79.84,32.54,40.76,0.95,1.68,12.92,5.35,41.42,68.38,40.62,59.41,44.57,19.78,44.39,3.81,1.84,48.23,41.27,17.3,13.11,2.97,0.16,142.92,97.92,68.51,51.19,46.05,89.97,121.65,100.54,82.65,48.57,24.95,51.36,48.84,30.19,61.82,73.57,48.86,66.42,,,3.03,1.08,35.71,28.78,25.0,86.85,10.3,15.37,3.04,13.53,19.49,20.61,7.52
2022,Birmingham Legion,58.0,,4.0,,,,East,,,,,,,,,,,,,,,1.66,1.8,,,14.46,,,5.49,,,37.94,400.29,328.29,82.01,49.76,106.29,17.8,36.23,52.26,86.06,35.66,36.94,,,13.46,,212.2,98.8,46.56,6.03,1.74,28.91,33.34,9.06,,,27.16,1.83,0.69,37.5,24.83,3.97,16.0,5.26,1.51,28.8,2.43,0.91,37.65,0.37,0.26,69.23,13.63,4.8,35.22,4.91,10.06,,,27.66,,,5.17,7.6,22.37,,,71.51,26.57,37.16,2.31,1.11,10.86,,,3.97,,,36.58,67.2,39.74,59.14,38.34,18.4,47.99,3.83,1.86,48.51,40.57,,,14.71,13.86,2.4,0.09,138.86,100.97,,,72.72,55.11,51.14,92.79,148.29,129.97,87.65,46.49,26.46,56.91,57.4,40.23,,,70.08,78.11,58.4,,,74.76,4.69,2.0,42.68,22.37,19.46,86.97,7.77,15.74,3.63,12.12,18.51,,,20.06,10.2,,,1.11,1.12,,,10.86,3.91,36.05,411.57,,,338.4,82.22,50.24,109.23,21.11,41.03,47.09,82.63,40.43,31.23,10.97,212.2,104.69,49.33,4.54,1.14,25.16,26.8,6.0,22.39,1.6,0.66,41.07,29.14,3.6,12.35,4.26,1.29,30.2,2.71,0.46,16.84,0.09,0.09,100.0,12.26,4.09,33.33,4.03,7.63,21.06,3.57,6.91,16.29,67.2,27.46,40.86,1.63,1.66,14.46,5.63,38.93,71.51,44.94,62.84,38.34,17.49,45.6,4.57,1.86,40.63,41.34,17.06,12.09,2.6,0.14,144.69,104.23,72.04,62.74,58.2,92.76,147.63,130.91,88.68,49.91,27.0,54.09,52.94,34.29,64.76,72.94,51.71,70.9,,,3.89,1.51,38.97,20.94,18.51,88.4,10.54,16.03,3.72,12.33,18.7,20.19,10.56
2024,Tampa Bay Rowdies,50.0,,6.0,,,,East,,,,,,,,,,,,,,,1.58,1.82,,,14.42,,,5.08,,,35.26,388.53,318.67,82.02,50.91,98.61,15.11,32.0,51.5,78.17,33.44,31.31,,,13.42,,193.06,95.53,49.48,5.25,1.33,25.4,32.08,8.81,,,27.45,0.97,0.44,45.71,27.22,4.53,16.63,6.58,1.94,29.54,2.67,0.83,31.25,0.19,0.19,100.0,20.36,7.81,38.34,7.47,8.0,,,30.11,,,5.31,12.97,20.47,,,67.67,28.44,42.04,1.44,1.36,10.61,,,4.33,,,40.84,63.61,39.08,61.44,35.28,16.86,47.8,3.31,1.61,48.74,33.22,,,11.81,15.25,2.44,0.06,141.25,104.81,,,74.2,53.25,49.42,92.8,144.78,126.44,87.34,43.44,23.78,54.73,57.69,40.0,,,69.33,74.75,58.25,,,77.93,1.58,0.58,36.84,21.08,19.64,93.15,6.75,15.35,3.72,11.58,17.49,,,20.75,10.17,,,1.36,1.27,,,10.61,4.08,38.48,384.36,,,316.19,82.26,49.09,102.44,22.42,37.75,42.28,74.22,38.72,26.06,9.44,193.06,90.61,46.94,4.31,1.44,33.55,23.44,6.72,28.67,0.72,0.33,46.15,27.89,2.94,10.56,3.69,0.86,23.31,2.39,0.47,19.77,0.06,0.03,50.0,11.08,3.92,35.34,3.78,5.92,19.97,3.44,7.03,14.06,63.61,24.53,38.56,1.67,1.58,14.42,5.28,36.61,67.67,39.22,57.96,35.28,16.11,45.67,4.47,2.22,49.69,39.61,16.03,12.69,2.53,0.14,138.64,98.22,70.85,61.14,57.94,94.78,132.86,117.81,88.67,48.94,25.11,51.31,48.31,29.72,61.53,66.75,45.53,68.21,,,0.97,0.36,37.14,20.17,17.94,88.98,9.28,15.71,3.75,13.2,18.23,20.48,11.44
2024,Rhode Island,51.0,,5.0,,,,East,,,,,,,,,,,,,,,1.74,1.58,,,12.05,,,4.59,,,38.09,385.67,312.87,81.12,50.57,109.31,19.33,37.44,52.54,83.1,36.23,33.46,,,13.41,,202.0,99.54,49.28,4.51,1.05,23.3,30.74,7.67,,,24.94,0.54,0.31,57.14,26.56,3.69,13.9,5.05,1.56,30.96,3.0,0.82,27.35,0.13,0.05,40.0,15.72,5.51,35.07,5.54,7.13,,,23.87,,,4.69,9.36,18.74,,,63.97,24.95,39.0,1.74,1.31,10.05,,,3.85,,,38.27,68.82,42.1,61.18,40.23,20.0,49.71,2.23,1.21,54.02,39.1,,,15.13,15.03,2.82,0.08,133.82,94.87,,,70.89,56.0,52.51,93.77,142.74,123.82,86.74,48.28,26.38,54.65,52.08,34.74,,,66.72,71.92,51.79,,,72.01,1.72,0.95,55.22,21.62,18.0,83.27,7.1,15.33,3.58,13.06,17.1,,,20.5,9.51,,,1.31,1.24,,,10.05,3.54,35.2,382.26,,,306.59,80.21,49.43,111.92,21.59,40.31,50.03,81.95,39.67,30.46,11.82,202.0,95.08,47.07,4.13,1.36,32.92,25.77,6.36,24.68,0.79,0.33,41.94,28.44,2.9,10.19,4.59,1.31,28.49,2.33,0.56,24.18,0.13,0.08,60.0,13.33,4.0,30.0,4.56,5.95,21.64,3.21,8.15,14.79,68.82,26.72,38.82,2.64,1.74,12.05,4.82,40.0,63.97,39.03,61.0,40.23,17.31,43.02,3.51,1.87,53.28,39.85,14.67,12.87,2.28,0.05,141.03,97.97,69.47,56.67,53.15,93.8,133.41,115.38,86.49,52.28,27.79,53.16,50.87,31.69,62.3,72.59,48.69,67.08,,,2.33,0.79,34.07,22.18,19.38,87.4,8.64,15.78,3.57,14.35,18.28,20.76,10.57
2022,New York RB II,15.0,,14.0,,,,East,,,,,,,,,,,,,,,0.71,0.77,,,8.62,,,2.79,,,32.42,303.65,226.26,74.52,45.81,117.79,19.68,41.41,56.71,88.15,37.26,37.56,,,13.32,,227.03,106.88,47.08,4.65,1.15,24.68,27.47,5.18,,,18.84,1.88,0.62,32.81,27.71,2.18,7.86,4.12,0.85,20.71,2.79,0.38,13.68,0.03,0.03,100.0,10.29,3.21,31.14,3.38,5.21,,,19.41,,,3.79,5.35,11.85,,,68.56,26.88,39.21,1.56,2.24,13.74,,,6.82,,,49.68,78.76,47.62,60.46,41.5,17.35,41.81,3.82,1.79,46.92,45.21,,,19.18,15.38,2.74,0.35,125.35,79.24,,,63.21,43.0,39.06,90.83,84.0,67.97,80.92,40.94,19.24,46.98,51.09,28.74,,,56.25,61.12,42.32,,,69.25,4.5,1.38,30.72,25.88,20.85,80.57,8.32,14.89,2.6,13.87,20.05,,,19.41,9.02,,,2.24,2.15,,,13.74,6.56,47.75,393.09,,,307.59,78.25,54.19,117.18,21.44,46.82,48.91,91.38,44.32,35.82,11.24,227.03,110.21,48.54,3.76,1.41,37.5,28.91,7.74,26.75,2.59,1.29,50.0,28.74,3.88,13.51,5.65,1.94,34.38,2.91,0.41,14.14,0.21,0.18,85.71,13.59,5.12,37.66,4.85,8.38,25.76,6.15,7.29,22.0,78.76,31.15,39.54,4.12,0.71,8.62,3.0,34.81,68.56,41.68,60.79,41.5,21.71,52.3,4.24,1.94,45.83,40.91,14.0,13.03,2.18,0.09,150.47,101.32,67.34,57.71,52.97,91.79,135.29,115.97,85.72,57.06,30.53,53.51,55.0,34.38,62.51,83.06,55.56,66.89,,,6.0,2.56,42.65,29.24,26.09,89.24,7.56,16.36,3.26,15.24,16.48,21.4,7.31
2024,Pittsburgh Riverhounds,48.0,,7.0,,,,East,,,,,,,,,,,,,,,1.17,1.36,,,10.11,,,3.49,,,34.46,378.6,294.03,77.66,45.69,118.97,17.94,44.94,56.09,89.49,37.23,38.94,,,13.31,,190.14,94.66,49.78,3.49,1.11,31.97,28.11,6.26,,,22.26,0.74,0.29,38.46,24.74,3.03,12.24,4.86,1.14,23.53,1.89,0.66,34.85,0.2,0.14,71.43,15.43,5.51,35.74,5.66,8.31,,,26.34,,,3.46,8.97,18.8,,,55.6,21.91,39.41,1.86,0.83,8.6,,,3.37,,,39.2,59.23,38.51,65.03,46.66,21.34,45.74,3.0,1.31,43.81,38.89,,,15.66,12.0,1.83,0.09,139.63,88.8,,,63.6,53.2,49.71,93.45,136.97,118.2,86.3,57.26,27.66,48.3,56.46,32.86,,,58.2,75.49,53.26,,,70.55,1.71,0.66,38.33,22.37,19.66,87.87,6.97,15.84,3.55,15.87,17.36,,,21.26,12.87,,,0.83,0.98,,,8.6,3.29,38.21,470.43,,,384.83,81.8,54.31,123.43,21.63,49.14,52.66,88.74,40.57,37.8,10.37,190.14,87.37,45.95,3.69,0.89,24.03,25.23,5.51,21.86,0.46,0.26,56.25,24.46,2.37,9.7,3.6,0.83,23.02,2.14,0.34,16.0,0.09,0.03,33.33,11.23,3.31,29.52,3.2,4.86,19.17,2.31,7.11,10.63,59.23,20.71,34.97,1.46,1.17,10.11,3.66,36.16,55.6,33.69,60.59,46.66,21.69,46.48,2.0,1.09,54.29,39.26,14.6,12.94,2.69,0.06,161.2,107.66,66.78,67.94,63.74,93.82,184.26,167.8,91.07,59.23,29.17,49.25,59.37,36.03,60.68,77.29,51.8,67.02,,,1.09,0.4,36.84,23.83,20.97,88.01,8.46,16.49,4.42,13.52,18.15,20.87,11.45
2023,Pittsburgh Riverhounds,67.0,,1.0,,,,East,,,,,,,,,,,,,,,1.17,1.36,,,10.11,,,3.49,,,34.46,378.6,294.03,77.66,45.69,118.97,17.94,44.94,56.09,89.49,37.23,38.94,,,13.31,,190.14,94.66,49.78,3.49,1.11,31.97,28.11,6.26,,,22.26,0.74,0.29,38.46,24.74,3.03,12.24,4.86,1.14,23.53,1.89,0.66,34.85,0.2,0.14,71.43,15.43,5.51,35.74,5.66,8.31,,,26.34,,,3.46,8.97,18.8,,,55.6,21.91,39.41,1.86,0.83,8.6,,,3.37,,,39.2,59.23,38.51,65.03,46.66,21.34,45.74,3.0,1.31,43.81,38.89,,,15.66,12.0,1.83,0.09,139.63,88.8,,,63.6,53.2,49.71,93.45,136.97,118.2,86.3,57.26,27.66,48.3,56.46,32.86,,,58.2,75.49,53.26,,,70.55,1.71,0.66,38.33,22.37,19.66,87.87,6.97,15.84,3.55,15.87,17.36,,,21.26,12.87,,,0.83,0.98,,,8.6,3.29,38.21,470.43,,,384.83,81.8,54.31,123.43,21.63,49.14,52.66,88.74,40.57,37.8,10.37,190.14,87.37,45.95,3.69,0.89,24.03,25.23,5.51,21.86,0.46,0.26,56.25,24.46,2.37,9.7,3.6,0.83,23.02,2.14,0.34,16.0,0.09,0.03,33.33,11.23,3.31,29.52,3.2,4.86,19.17,2.31,7.11,10.63,59.23,20.71,34.97,1.46,1.17,10.11,3.66,36.16,55.6,33.69,60.59,46.66,21.69,46.48,2.0,1.09,54.29,39.26,14.6,12.94,2.69,0.06,161.2,107.66,66.78,67.94,63.74,93.82,184.26,167.8,91.07,59.23,29.17,49.25,59.37,36.03,60.68,77.29,51.8,67.02,,,1.09,0.4,36.84,23.83,20.97,88.01,8.46,16.49,4.42,13.52,18.15,20.87,11.45
2022,Detroit City,54.0,,7.0,,,,East,,,,,,,,,,,,,,,1.29,1.24,,,9.91,,,3.26,,,32.85,376.51,292.89,77.79,47.25,120.83,19.51,46.23,55.09,90.71,41.09,36.4,,,13.23,,222.8,109.31,49.06,3.14,0.57,18.18,28.94,5.89,,,20.34,1.54,0.6,38.89,26.49,3.09,11.65,5.09,1.46,28.65,3.63,0.54,14.96,0.06,0.06,100.0,16.0,5.71,35.71,6.14,5.89,,,24.34,,,4.03,9.69,20.03,,,61.31,24.14,39.38,2.11,0.94,11.11,,,3.77,,,33.93,70.11,44.74,63.81,51.37,23.4,45.55,5.11,2.26,44.13,44.26,,,14.11,11.89,1.86,0.0,142.29,95.06,,,66.81,59.77,54.94,91.92,123.86,104.17,84.11,58.14,31.83,54.74,54.63,33.31,,,60.98,77.11,54.34,,,70.47,2.83,1.14,40.4,25.69,22.54,87.76,8.06,15.96,3.29,15.91,16.84,,,21.38,9.29,,,0.94,1.14,,,11.11,3.66,32.9,414.6,,,334.66,80.72,52.75,118.17,22.06,43.29,52.83,92.57,40.57,39.2,12.8,222.8,103.0,46.23,5.46,1.29,23.56,27.71,6.86,24.74,1.54,0.63,40.74,25.86,2.97,11.49,3.83,0.97,25.37,2.11,0.43,20.27,0.06,0.03,50.0,12.83,3.89,30.29,4.06,6.46,23.83,3.6,8.26,14.06,70.09,25.31,36.12,2.03,1.29,9.91,3.4,34.29,61.37,37.17,60.57,51.34,24.43,47.58,3.14,1.2,38.18,43.37,18.94,13.54,2.03,0.14,144.86,98.51,68.01,58.86,54.97,93.4,149.31,130.26,87.24,51.6,25.57,49.56,58.37,36.11,61.87,72.89,50.4,69.15,,,4.29,1.54,36.0,22.06,18.26,82.77,9.57,15.62,3.76,13.1,19.9,19.82,9.94
2023,Louisville City,50.0,,5.0,,,,East,,,,,,,,,,,,,,,1.27,1.43,,,12.49,,,3.89,,,31.17,387.3,311.54,80.44,49.68,106.86,16.62,35.32,54.92,83.43,33.68,36.54,,,13.22,,191.22,90.57,47.36,5.41,1.3,24.0,30.19,7.14,,,23.63,1.43,0.68,47.17,25.16,4.05,16.11,5.43,1.89,34.83,2.89,0.62,21.5,0.11,0.11,100.0,16.7,5.41,32.36,5.38,7.14,,,25.86,,,2.76,11.08,16.95,,,57.49,22.84,39.73,2.16,1.27,9.86,,,3.62,,,36.71,58.49,34.16,58.41,42.38,19.35,45.66,3.81,1.62,42.55,39.54,,,14.62,14.51,2.08,0.05,138.0,95.76,,,69.39,52.97,49.73,93.88,143.59,124.78,86.9,47.78,24.3,50.85,60.24,38.65,,,64.15,69.3,52.38,,,75.59,2.86,0.95,33.02,23.92,20.89,87.34,6.19,15.8,3.7,12.7,18.61,,,20.5,9.73,,,1.27,1.12,,,9.86,3.54,35.89,393.24,,,318.11,80.89,50.32,110.03,23.0,43.78,43.24,80.0,40.16,30.11,9.73,191.22,90.97,47.58,4.14,1.03,24.84,22.11,5.49,24.82,1.35,0.59,44.0,28.08,3.27,11.65,4.22,1.22,28.85,2.27,0.59,26.19,0.24,0.19,77.78,11.7,3.92,33.49,3.92,5.14,18.41,2.92,7.32,13.14,58.51,24.32,41.57,2.27,1.27,12.49,4.05,32.47,57.46,34.62,60.25,42.38,19.05,44.96,3.65,1.46,40.0,42.05,18.35,12.78,2.38,0.08,135.22,90.08,66.62,62.3,59.27,95.14,144.86,128.11,88.43,56.41,28.78,51.03,49.32,29.95,60.71,71.24,46.24,64.91,,,2.24,0.84,37.35,20.76,18.62,89.71,9.84,15.69,3.74,14.83,18.78,21.01,11.99
2022,Phoenix Rising,42.0,,10.0,,,,West,,,,,,,,,,,,,,,1.47,1.51,,,14.85,,,4.76,,,32.08,384.53,312.59,81.29,48.75,100.0,16.91,33.68,49.41,79.74,33.41,33.24,,,13.09,,190.53,92.12,48.35,6.65,1.76,26.55,30.71,9.32,,,30.36,1.76,0.88,50.0,27.85,4.21,15.1,5.35,1.65,30.77,2.38,0.59,24.69,0.12,0.09,75.0,16.76,6.06,36.14,6.06,6.53,,,26.32,,,4.68,10.68,18.85,,,63.91,26.85,42.02,1.65,1.71,13.94,,,5.32,,,38.19,62.68,36.21,57.77,32.85,16.53,50.31,3.53,1.74,49.17,37.53,,,14.65,12.12,2.74,0.26,138.59,100.41,,,72.45,55.32,51.62,93.3,138.82,119.38,86.0,46.88,25.68,54.77,56.38,38.06,,,67.5,73.74,56.65,,,76.82,3.35,1.21,35.96,20.18,18.35,90.96,9.35,16.04,3.58,12.87,18.96,,,21.1,11.17,,,1.71,1.7,,,13.94,5.03,36.08,404.94,,,336.44,83.08,51.25,100.41,20.79,37.24,42.38,78.26,37.76,29.74,10.76,190.53,91.12,47.82,5.44,1.26,23.24,26.71,7.88,29.52,2.29,0.85,37.18,27.5,4.56,16.58,5.74,2.18,37.95,2.41,0.88,36.59,0.18,0.09,50.0,13.5,4.41,32.68,4.5,7.82,23.44,4.41,7.74,19.56,62.68,26.47,42.23,2.18,1.47,14.85,5.21,35.05,63.91,37.06,57.98,32.85,14.18,43.15,3.88,1.82,46.97,43.68,17.09,12.21,2.26,0.09,139.26,101.74,73.05,59.21,55.53,93.79,146.62,129.38,88.24,45.38,24.97,55.02,50.26,34.12,67.88,73.03,52.06,71.28,,,5.97,2.56,42.86,21.41,19.29,90.11,10.65,16.08,3.72,11.82,18.03,20.26,10.27
2023,Colorado Springs,53.0,,5.0,,,,West,,,,,,,,,,,,,,,1.4,1.32,,,11.43,,,4.23,,,37.0,422.57,350.14,82.86,51.35,101.29,19.8,34.11,47.37,77.77,35.74,29.03,,,13.0,,187.06,87.49,46.77,4.69,1.26,26.83,28.66,6.69,,,23.33,1.86,0.89,47.69,25.46,3.26,12.79,4.89,1.34,27.49,1.8,0.49,26.98,0.23,0.17,75.0,14.2,4.03,28.37,4.31,7.77,,,25.29,,,4.74,7.51,17.63,,,63.86,26.49,41.48,2.69,1.23,11.77,,,4.29,,,36.41,60.69,34.03,56.07,32.43,14.8,45.64,2.23,0.97,43.59,38.51,,,15.8,14.43,2.66,0.14,145.17,104.54,,,72.01,57.11,53.74,94.1,158.34,140.94,89.01,43.4,21.0,48.39,56.6,38.37,,,67.79,70.49,51.71,,,73.37,4.43,1.69,38.06,20.17,18.97,94.05,9.03,16.32,4.17,10.64,18.64,,,19.93,10.66,,,1.23,1.36,,,11.77,4.09,34.71,387.09,,,317.17,81.94,48.65,99.49,19.94,33.34,46.2,77.11,35.74,29.37,12.0,187.06,91.14,48.72,5.74,1.66,28.86,25.83,6.69,25.88,1.91,0.71,37.31,29.89,3.71,12.43,5.03,1.66,32.95,2.66,0.49,18.28,0.09,0.09,100.0,15.6,5.26,33.7,5.03,6.03,24.26,3.54,10.0,15.09,60.66,26.63,43.9,1.97,1.4,11.43,4.34,38.0,63.86,37.37,58.52,32.46,14.6,44.98,3.29,1.43,43.48,39.63,14.14,11.29,2.29,0.14,130.29,93.06,71.43,57.17,53.77,94.05,146.09,126.63,86.68,47.34,24.71,52.2,50.06,33.2,66.32,67.37,47.34,70.27,,,2.31,0.83,35.8,19.11,17.26,90.28,9.26,15.66,3.71,12.91,19.32,20.47,12.77
2023,Detroit City,41.0,,8.0,,,,East,,,,,,,,,,,,,,,0.86,1.01,,,9.53,,,2.72,,,28.57,346.42,270.61,78.12,46.56,116.14,20.06,42.53,53.56,88.42,39.28,36.22,,,12.92,,224.06,106.08,47.35,4.31,0.89,20.65,27.56,5.53,,,20.06,1.17,0.61,52.38,24.22,2.75,11.35,3.22,0.92,28.45,3.64,1.06,29.01,0.06,0.03,50.0,13.25,4.33,32.7,4.19,4.17,,,20.19,,,2.69,8.22,13.94,,,66.64,23.67,35.51,1.36,1.19,12.08,,,4.14,,,34.25,71.72,44.36,61.85,47.28,22.22,47.0,4.47,2.31,51.55,46.56,,,14.19,11.92,1.97,0.08,132.25,88.17,,,66.67,53.0,49.92,94.18,113.56,95.58,84.17,56.17,30.22,53.81,52.47,31.69,,,60.4,70.08,50.08,,,71.46,2.19,0.64,29.11,23.94,20.67,86.31,8.86,15.04,3.19,16.88,19.14,,,21.47,10.2,,,1.19,1.56,,,12.08,4.06,33.56,421.58,,,342.17,81.16,53.44,114.58,20.33,43.19,51.06,88.58,40.78,35.92,11.89,224.06,106.56,47.56,4.86,1.11,22.86,28.81,7.25,25.17,1.69,0.69,40.98,24.19,3.42,14.12,4.06,1.36,33.56,2.39,0.44,18.6,0.22,0.22,100.0,15.39,5.22,33.94,5.17,6.44,24.58,4.11,9.11,17.28,71.78,27.39,38.16,1.81,0.86,9.53,2.94,30.9,66.58,42.92,64.46,47.28,20.83,44.07,3.69,1.75,47.37,39.97,18.31,13.0,2.19,0.06,149.19,105.83,70.94,59.47,55.64,93.55,150.36,130.17,86.57,53.39,27.89,52.24,56.56,36.42,64.39,74.92,53.42,71.3,,,3.42,1.33,39.02,24.33,20.81,85.5,8.33,15.89,3.84,13.27,18.32,20.07,8.65
2025,Sacramento Republic,48.0,,2.0,,,,West,,,,,,,,,,,,,,,1.42,1.44,,,10.77,,,3.71,,,34.43,377.74,310.1,82.09,46.29,104.48,17.55,34.06,52.87,76.87,32.84,31.23,,,12.81,,182.58,90.19,49.4,3.68,0.97,26.32,28.58,6.74,,,23.59,0.52,0.29,56.25,26.87,3.03,11.28,4.74,1.32,27.89,2.94,0.87,29.67,0.13,0.13,100.0,15.97,4.84,30.3,4.61,7.03,,,24.68,,,3.55,10.13,17.42,,,57.0,22.94,40.24,1.71,0.87,8.87,,,3.13,,,35.27,60.23,36.26,60.2,42.32,21.58,50.99,3.03,1.61,53.19,33.71,,,15.35,15.23,2.58,0.1,132.45,94.65,,,71.46,59.87,56.03,93.59,133.97,118.03,88.1,42.65,21.23,49.77,54.97,36.26,,,65.96,65.0,48.74,,,74.99,0.65,0.32,50.0,18.48,16.06,86.91,7.0,16.11,3.87,12.01,17.11,,,19.93,11.02,,,0.87,0.88,,,8.87,2.9,32.73,422.87,,,353.97,83.71,53.71,105.94,21.68,38.03,46.23,74.16,37.52,28.23,8.42,182.58,85.23,46.68,4.52,0.71,15.71,22.48,5.52,24.53,0.65,0.29,45.0,27.03,2.48,9.19,3.48,0.97,27.78,2.45,0.39,15.79,0.13,0.13,100.0,11.74,3.74,31.87,3.42,5.16,20.77,2.61,7.39,11.23,60.19,23.94,39.76,2.13,1.42,10.77,3.87,35.93,57.03,34.06,59.73,42.32,17.65,41.69,2.39,1.03,43.24,33.94,15.87,14.19,2.29,0.13,144.23,102.39,70.99,60.65,57.1,94.15,162.68,148.42,91.24,51.1,26.1,51.07,53.74,34.61,64.41,71.29,49.1,68.87,,,0.84,0.26,30.77,20.16,18.19,90.24,8.42,15.52,4.34,13.03,20.09,20.76,11.39
2025,Indy Eleven,35.0,,9.0,,,,East,,,,,,,,,,,,,,,1.47,1.18,,,9.87,,,3.5,,,35.47,322.9,248.0,76.8,43.0,112.37,19.73,37.43,55.2,80.2,38.13,29.3,,,12.77,,176.43,84.6,47.95,3.83,0.97,25.22,26.47,5.13,,,19.4,0.77,0.4,52.17,24.63,3.5,14.21,4.7,1.57,33.33,2.83,0.9,31.76,0.13,0.13,100.0,15.7,4.4,28.03,4.27,6.33,,,22.6,,,2.27,10.23,14.83,,,45.03,17.47,38.79,2.3,1.73,12.0,,,4.4,,,36.67,57.6,35.03,60.82,47.67,21.57,45.24,1.9,0.73,38.6,36.83,,,19.33,14.37,1.93,0.1,124.8,82.57,,,66.16,47.87,44.03,91.99,105.8,88.63,83.77,52.43,26.57,50.67,52.67,32.2,,,61.14,68.37,47.8,,,69.92,0.47,0.23,50.0,20.23,16.5,81.55,8.83,16.01,3.18,16.98,17.9,,,21.18,12.31,,,1.73,1.33,,,12.0,4.2,35.0,431.3,,,353.7,82.01,57.0,114.97,21.07,38.07,55.83,78.73,38.13,30.1,10.5,176.43,84.17,47.7,5.5,1.57,28.48,28.37,7.6,26.79,0.57,0.4,70.59,28.67,3.4,11.86,5.23,1.33,25.48,2.73,0.4,14.63,0.13,0.1,75.0,14.37,4.6,32.02,4.5,6.57,25.3,3.07,9.87,14.5,57.6,22.57,39.18,1.47,1.47,9.87,3.83,38.85,45.07,27.57,61.17,47.67,22.2,46.57,1.97,1.07,54.24,34.23,16.43,12.17,2.07,0.07,154.37,109.07,70.65,63.73,60.37,94.72,148.93,130.43,87.58,51.7,24.8,47.97,59.9,38.37,64.05,74.43,53.3,71.61,,,0.93,0.43,46.43,20.9,18.83,90.11,7.83,15.96,4.2,12.76,18.74,19.74,10.38
2022,Pittsburgh Riverhounds,57.0,,5.0,,,,East,,,,,,,,,,,,,,,1.5,1.55,,,10.92,,,4.36,,,39.95,427.5,340.56,79.66,50.52,117.0,17.31,45.89,53.81,96.39,43.19,40.5,,,12.69,,210.06,102.86,48.97,3.22,0.89,27.59,31.33,6.92,,,22.07,1.67,0.67,40.0,21.83,2.97,13.61,4.83,1.44,29.89,1.92,0.44,23.19,0.03,0.0,0.0,15.67,5.36,34.22,5.14,8.28,,,28.19,,,4.92,8.36,20.47,,,59.19,22.94,38.76,2.86,1.17,8.36,,,3.28,,,39.2,64.92,40.44,62.3,47.06,23.75,50.47,3.81,1.81,47.45,43.78,,,18.0,14.86,2.08,0.11,150.08,101.42,,,67.57,60.86,56.78,93.29,159.17,137.56,86.42,56.72,29.28,51.62,59.06,37.44,,,63.41,80.47,57.81,,,71.83,4.53,1.89,41.72,23.97,20.36,84.94,6.94,16.59,3.82,13.56,16.24,,,20.59,10.13,,,1.17,1.06,,,8.36,3.14,37.54,423.08,,,340.14,80.4,49.48,125.53,20.94,48.28,56.31,92.25,40.31,40.92,11.03,210.06,97.89,46.6,3.28,0.97,29.66,25.17,4.86,19.32,1.03,0.44,43.24,29.44,2.39,8.11,4.14,0.75,18.12,3.22,0.83,25.86,0.17,0.11,66.67,10.53,3.0,28.5,3.03,5.03,19.44,2.61,6.67,11.56,64.92,24.47,37.7,1.28,1.5,10.92,4.44,40.71,59.19,36.25,61.24,47.06,20.83,44.27,3.22,1.5,46.55,44.03,17.44,11.31,1.64,0.06,150.08,98.69,65.76,61.11,57.11,93.45,156.03,139.64,89.5,57.56,28.72,49.9,58.0,32.86,56.66,72.11,48.42,67.14,,,2.69,1.06,39.18,26.28,22.89,87.1,9.19,16.59,3.64,14.4,18.59,20.83,11.95
2023,Las Vegas Lights,19.0,,12.0,,,,West,,,,,,,,,,,,,,,1.06,1.29,,,12.7,,,4.27,,,33.65,340.0,266.06,78.25,47.21,109.27,18.03,37.91,53.33,84.33,36.33,35.36,,,12.64,,209.21,101.88,48.7,6.58,1.88,28.57,28.52,7.85,,,27.52,1.58,0.61,38.46,23.94,3.48,14.56,4.94,1.82,36.81,3.0,0.61,20.2,0.12,0.06,50.0,15.52,5.0,32.23,5.21,4.45,,,22.85,,,3.52,9.42,14.82,,,59.39,24.88,41.89,2.06,1.94,11.91,,,4.7,,,39.44,72.85,44.03,60.44,42.58,18.7,43.91,3.64,1.48,40.83,40.82,,,16.15,13.85,2.36,0.03,123.97,83.61,,,67.44,47.94,44.55,92.92,126.3,106.52,84.33,52.45,27.73,52.86,49.82,30.0,,,60.22,69.48,49.09,,,70.65,2.39,0.79,32.91,24.36,19.39,79.6,8.21,15.02,3.14,16.37,20.94,,,22.2,10.19,,,1.94,1.64,,,11.91,4.58,38.42,398.33,,,325.24,81.65,52.79,111.06,21.7,40.06,49.3,82.88,39.76,32.33,10.79,209.21,97.82,46.76,4.24,1.0,23.57,27.03,7.03,26.01,1.24,0.58,46.34,29.27,3.48,11.9,5.0,1.61,32.12,3.03,0.61,20.0,0.27,0.15,55.56,12.09,3.97,32.83,3.82,6.94,22.24,3.45,7.12,17.27,72.85,28.82,39.56,1.82,1.06,12.7,4.45,35.08,59.39,34.52,58.11,42.58,20.21,47.47,3.64,1.7,46.67,42.33,18.73,11.36,2.03,0.03,142.0,100.97,71.11,59.06,55.09,93.28,141.82,124.21,87.59,47.09,24.94,52.96,51.52,33.12,64.29,72.67,51.39,70.73,,,3.18,0.91,28.57,23.36,20.42,87.42,10.03,15.88,3.58,12.5,17.6,20.21,11.38
2022,Oakland Roots,46.0,,7.0,,,,West,,,,,,,,,,,,,,,1.5,1.5,,,10.89,,,4.42,,,40.56,443.28,363.69,82.05,52.67,110.72,21.39,40.39,48.94,86.28,40.19,33.5,,,12.58,,210.44,98.69,46.9,3.83,1.19,31.16,28.97,6.83,,,23.59,1.61,0.53,32.76,26.39,2.94,11.16,4.92,1.61,32.77,2.25,0.5,22.22,0.22,0.19,87.5,15.0,4.19,27.96,4.19,8.64,,,25.19,,,3.69,8.06,18.67,,,74.44,28.39,38.13,1.53,1.36,11.11,,,4.33,,,39.0,66.56,38.53,57.89,34.11,17.72,51.95,2.44,1.06,43.18,40.86,,,13.25,13.36,2.56,0.11,152.39,107.97,,,70.85,68.39,64.22,93.91,162.69,144.19,88.63,54.75,29.28,53.48,52.61,32.58,,,61.93,76.53,52.39,,,68.46,4.42,2.14,48.43,23.0,20.94,91.06,8.0,16.49,3.92,12.68,17.09,,,20.72,10.59,,,1.36,1.33,,,11.11,4.14,37.25,384.44,,,309.11,80.4,47.33,107.17,18.69,37.06,51.42,86.72,36.89,35.44,14.39,210.44,104.31,49.56,4.28,1.17,27.27,28.75,6.67,23.19,1.64,0.92,55.93,25.42,2.97,11.69,4.58,1.22,26.67,2.86,0.61,21.36,0.06,0.03,50.0,13.03,3.89,29.85,4.22,6.81,23.78,4.0,7.72,16.36,66.58,28.03,42.09,1.83,1.5,10.89,4.64,42.6,74.42,46.03,61.85,34.11,14.53,42.59,4.17,1.94,46.67,44.61,17.47,13.11,2.44,0.17,137.78,94.42,68.53,56.03,52.72,94.1,132.89,115.44,86.87,47.75,23.44,49.1,51.72,32.72,63.27,68.97,48.97,71.0,,,3.64,1.69,46.56,19.47,16.81,86.31,7.89,15.78,3.54,13.42,18.26,20.17,10.12
2022,Charleston Battery,25.0,,12.0,,,,East,,,,,,,,,,,,,,,1.21,1.35,,,11.82,,,3.74,,,31.59,380.24,304.79,80.16,50.29,109.09,18.38,38.35,52.35,78.79,34.21,32.06,,,12.53,,200.15,93.85,46.89,5.06,1.15,22.67,28.0,7.21,,,25.74,1.09,0.44,40.54,28.03,3.79,13.54,4.62,1.38,29.94,3.18,0.74,23.15,0.12,0.09,75.0,14.94,4.91,32.87,4.97,5.5,,,23.76,,,3.85,9.5,15.18,,,65.59,26.35,40.18,1.71,2.26,13.35,,,5.91,,,44.27,65.38,36.68,56.1,35.15,16.97,48.28,4.09,1.5,36.69,37.32,,,14.62,14.88,3.24,0.21,133.44,93.71,,,70.22,59.29,54.82,92.46,136.35,115.76,84.9,48.97,25.29,51.65,53.24,32.68,,,61.38,69.06,50.09,,,72.53,4.29,1.79,41.78,23.24,19.94,85.82,8.09,15.86,3.54,14.13,18.68,,,20.36,9.86,,,2.26,1.62,,,13.35,5.76,43.17,375.97,,,301.12,80.09,49.71,105.41,20.91,38.68,45.82,82.76,40.94,30.62,11.21,200.15,97.62,48.77,4.74,1.44,30.43,27.06,7.24,26.74,2.5,1.26,50.59,28.41,4.26,15.01,4.82,1.71,35.37,2.85,0.82,28.87,0.06,0.06,100.0,13.26,4.53,34.15,4.53,7.53,24.44,5.5,7.5,19.94,65.38,28.71,43.9,3.24,1.21,11.82,3.91,33.08,65.59,39.24,59.82,35.15,15.47,44.02,3.35,1.65,49.12,45.5,17.5,13.68,2.21,0.12,137.5,95.53,69.48,59.35,55.18,92.96,124.5,106.09,85.21,47.44,25.79,54.37,48.74,31.68,65.0,73.44,50.88,69.28,,,5.24,1.91,36.52,21.0,18.56,88.38,9.18,16.2,3.4,12.92,17.56,20.01,9.56
2025,Loudoun United,42.0,,6.0,,,,East,,,,,,,,,,,,,,,1.45,1.47,,,12.42,,,4.71,,,37.92,447.55,374.29,83.63,52.9,106.65,19.61,35.58,51.45,75.0,33.81,28.68,,,12.52,,181.23,86.0,47.45,5.35,1.84,34.34,27.06,7.32,,,27.06,0.55,0.35,64.71,28.16,4.03,14.32,5.84,1.65,28.18,2.45,0.48,19.74,0.19,0.16,83.33,13.58,4.81,35.39,4.35,8.55,,,26.52,,,3.35,8.45,18.29,,,58.71,21.06,35.88,1.52,1.58,11.71,,,4.52,,,38.57,60.03,36.94,61.53,38.42,17.77,46.26,1.97,1.1,55.74,34.55,,,12.03,12.81,2.55,0.16,154.23,112.87,,,73.19,69.39,65.32,94.14,158.68,141.81,89.37,48.61,26.55,54.61,59.1,40.52,,,68.56,78.71,56.97,,,72.38,0.9,0.35,39.29,18.68,17.19,92.06,7.84,17.19,4.52,11.31,18.43,,,19.48,10.28,,,1.58,1.61,,,11.71,4.29,36.64,368.06,,,300.55,81.66,47.1,102.35,22.13,34.74,45.48,73.65,35.48,26.87,11.29,181.23,87.35,48.2,4.26,1.23,28.79,24.84,7.32,29.48,1.13,0.68,60.0,24.68,2.9,11.76,3.68,0.87,23.68,2.42,0.71,29.33,0.26,0.16,62.5,14.52,4.97,34.22,4.94,6.19,22.94,3.81,9.13,17.06,60.03,23.1,38.47,1.35,1.45,12.42,4.94,39.74,58.71,37.65,64.12,38.42,17.32,45.09,2.23,1.06,47.83,39.65,13.68,13.97,3.0,0.23,127.29,89.65,70.43,58.1,54.1,93.11,135.35,119.48,88.27,47.81,25.84,54.05,47.19,31.48,66.71,68.58,46.81,68.25,,,0.19,0.06,33.33,18.13,15.48,85.41,7.94,15.73,3.84,13.93,17.32,20.72,11.94
2023,Oakland Roots,42.0,,10.0,,,,West,,,,,,,,,,,,,,,1.32,1.44,,,11.12,,,4.21,,,37.83,434.82,362.0,83.25,51.64,104.15,17.44,37.38,49.32,81.91,36.44,32.97,,,12.5,,190.59,88.44,46.4,4.62,1.32,28.66,28.24,6.32,,,22.4,1.32,0.38,28.89,27.38,3.88,14.18,4.94,1.53,30.95,2.56,0.65,25.29,0.21,0.15,71.43,12.62,4.35,34.5,4.24,7.56,,,22.82,,,3.15,7.29,15.82,,,65.88,25.62,38.88,1.79,1.41,10.56,,,4.85,,,45.96,62.24,35.76,57.47,32.56,14.0,43.0,2.65,1.0,37.78,38.97,,,14.38,12.41,2.74,0.15,140.68,101.26,,,71.98,67.15,62.53,93.12,167.03,148.76,89.06,46.47,23.85,51.33,54.82,36.15,,,65.93,72.82,53.26,,,73.14,3.74,1.09,29.13,20.44,18.79,91.94,7.32,16.36,4.09,11.24,18.5,,,20.11,11.28,,,1.41,1.26,,,10.56,4.71,44.57,398.65,,,326.32,81.86,48.36,104.32,20.21,37.32,46.79,82.24,38.62,32.62,11.0,190.59,95.06,49.88,4.59,1.71,37.18,26.0,6.21,23.87,2.35,0.85,36.25,23.68,2.88,12.17,3.85,1.03,26.72,2.91,0.5,17.17,0.09,0.09,100.0,11.85,3.76,31.76,3.65,6.21,21.59,4.06,7.21,15.06,62.24,26.47,42.53,1.85,1.32,11.12,4.5,40.48,65.91,40.26,61.09,32.53,15.85,48.73,3.68,1.68,45.6,41.35,15.53,14.38,2.59,0.09,137.18,96.85,70.6,59.32,55.65,93.8,144.68,127.0,87.78,46.91,23.79,50.72,51.94,32.97,63.48,69.29,48.79,70.42,,,2.47,0.94,38.1,18.06,16.0,88.6,7.15,16.03,3.94,12.37,18.84,19.92,11.46
2023,Charleston Battery,59.0,,3.0,,,,East,,,,,,,,,,,,,,,1.5,1.44,,,11.37,,,3.68,,,32.41,391.89,321.63,82.07,51.79,103.47,18.74,36.97,47.76,80.61,35.45,32.66,,,12.5,,210.68,98.0,46.52,4.71,1.11,23.46,27.29,6.13,,,22.47,1.84,0.61,32.86,29.0,4.0,13.79,4.89,1.45,29.57,3.05,1.0,32.76,0.13,0.11,80.0,13.63,4.39,32.24,4.0,5.16,,,19.76,,,3.16,8.03,14.79,,,75.26,29.0,38.53,1.79,1.21,9.53,,,3.63,,,38.12,68.21,40.29,59.07,35.26,15.89,45.07,3.74,1.39,37.32,41.76,,,16.0,13.55,2.13,0.08,136.63,95.92,,,70.2,60.11,56.47,93.96,144.37,128.13,88.75,49.37,25.42,51.49,52.71,33.74,,,64.0,68.97,50.5,,,73.22,3.03,1.21,40.0,22.45,20.29,90.39,6.55,15.49,3.63,12.97,18.18,,,20.43,8.54,,,1.21,1.05,,,9.53,3.47,36.46,372.08,,,295.87,79.52,48.21,105.87,18.82,39.39,47.66,79.21,36.68,32.08,10.45,210.68,104.39,49.55,4.45,1.29,28.99,25.34,5.08,20.04,1.82,0.66,36.23,26.34,3.29,12.49,4.13,1.05,25.48,2.37,0.66,27.78,0.18,0.13,71.43,14.5,4.11,28.31,4.11,4.61,20.89,3.11,8.84,12.53,68.21,27.92,40.93,2.87,1.5,11.37,3.87,34.03,75.26,46.26,61.47,35.26,16.5,46.79,4.11,1.89,46.15,39.66,15.21,16.05,2.76,0.13,133.42,92.32,69.19,57.08,52.89,92.67,127.24,108.82,85.52,50.92,27.97,54.94,49.95,31.92,63.91,68.87,47.0,68.25,,,3.32,1.24,37.3,23.61,20.79,88.07,8.68,15.76,3.5,14.36,19.4,20.45,9.79
2025,Rhode Island,38.0,,7.0,,,,East,,,,,,,,,,,,,,,0.94,1.1,,,10.48,,,3.58,,,34.1,412.85,338.03,81.88,51.67,109.48,16.67,40.24,52.58,78.67,33.27,32.91,,,12.48,,185.97,93.45,50.25,4.45,1.15,25.85,27.15,6.82,,,25.11,0.58,0.21,36.84,27.39,2.85,10.4,3.85,1.21,31.5,3.18,0.55,17.14,0.12,0.12,100.0,13.94,5.06,36.3,4.76,5.82,,,21.61,,,3.03,8.88,15.52,,,59.21,22.88,38.64,1.7,0.91,8.91,,,3.55,,,39.8,61.12,39.91,65.29,38.21,18.52,48.45,2.24,1.3,58.11,34.0,,,12.18,14.36,2.48,0.24,140.7,99.12,,,70.45,60.33,57.09,94.63,147.67,129.85,87.93,47.3,24.76,52.34,53.48,34.82,,,65.1,68.73,48.97,,,71.25,0.61,0.21,35.0,19.94,16.79,84.19,7.3,16.26,4.13,11.7,18.62,,,19.59,10.13,,,0.91,0.96,,,8.91,3.27,36.73,380.85,,,309.06,81.15,48.33,110.52,21.06,42.39,47.06,78.58,37.06,31.91,9.61,185.97,84.61,45.49,4.36,1.15,26.39,23.0,5.33,23.19,0.67,0.21,31.82,26.97,3.03,11.24,4.24,1.12,26.43,2.15,0.48,22.54,0.03,0.03,100.0,11.52,3.21,27.89,3.0,5.12,18.88,3.24,6.36,12.61,61.15,21.21,34.69,2.64,0.94,10.48,3.79,36.13,59.18,36.3,61.34,38.21,16.12,42.19,3.97,2.12,53.44,38.7,16.76,14.67,2.52,0.15,135.67,94.15,69.4,59.06,54.94,93.02,135.0,119.0,88.15,48.64,24.94,51.28,50.15,31.3,62.42,67.79,46.09,67.99,,,0.58,0.3,52.63,20.0,16.85,84.24,7.97,15.91,3.81,13.33,19.87,20.19,10.6
2024,Monterey Bay FC,34.0,,11.0,,,,West,,,,,,,,,,,,,,,0.85,1.23,,,10.29,,,3.32,,,32.29,427.21,352.79,82.58,49.08,104.59,19.12,38.12,47.35,80.44,37.62,30.35,,,12.47,,191.62,91.53,47.77,4.12,0.91,22.14,29.26,6.71,,,22.91,0.82,0.38,46.43,25.03,2.68,10.69,4.76,1.32,27.78,2.56,0.35,13.79,0.18,0.09,50.0,16.71,5.26,31.51,5.12,6.12,,,24.18,,,3.59,10.62,15.53,,,60.91,22.68,37.23,2.06,1.29,13.09,,,5.59,,,42.7,65.91,41.56,63.05,38.76,16.24,41.88,3.62,1.97,54.47,38.03,,,12.56,11.65,2.03,0.18,148.06,106.85,,,72.17,65.65,61.79,94.13,155.68,137.59,88.38,53.74,29.97,55.77,55.15,37.0,,,67.09,76.65,54.24,,,70.76,1.56,0.59,37.74,19.47,17.71,90.94,7.91,16.17,4.13,13.06,18.04,,,20.8,12.65,,,1.29,1.49,,,13.09,5.41,41.35,430.71,,,362.21,84.1,50.92,102.24,19.18,34.94,48.12,81.06,35.91,32.76,12.38,191.62,92.15,48.09,5.88,2.21,37.5,31.29,8.82,28.2,0.97,0.56,57.58,24.68,3.09,12.51,4.56,1.24,27.1,2.15,0.32,15.07,0.18,0.12,66.67,12.97,3.91,30.16,4.21,9.18,22.82,3.18,7.82,17.32,65.91,24.35,36.95,1.38,0.85,10.29,3.5,34.0,60.88,38.21,62.75,38.79,19.47,50.19,2.74,1.53,55.91,39.79,15.21,12.06,2.12,0.21,143.79,106.29,73.92,65.68,61.94,94.31,164.94,147.97,89.71,46.0,25.59,55.63,56.85,40.53,71.29,79.06,60.44,76.45,,,1.65,0.56,33.93,20.65,18.62,90.17,8.26,15.7,4.2,11.13,18.94,20.43,12.02
2022,Sacramento Republic,53.0,,4.0,,,,West,,,,,,,,,,,,,,,1.42,1.5,,,13.28,,,4.44,,,33.47,405.89,328.78,81.0,48.87,104.72,17.25,38.19,49.28,84.64,36.86,35.36,,,12.42,,199.47,101.42,50.84,5.58,1.56,27.86,30.5,7.67,,,25.14,1.94,0.89,45.71,26.33,3.86,14.66,5.31,1.75,32.98,2.5,0.81,32.22,0.28,0.19,70.0,16.72,5.5,32.89,5.19,6.17,,,25.97,,,3.78,10.92,16.89,,,60.44,26.56,43.93,2.39,1.0,11.03,,,3.64,,,33.0,70.69,44.92,63.54,35.33,16.28,46.07,4.58,2.14,46.67,41.19,,,13.94,13.14,2.53,0.08,142.42,100.64,,,70.67,58.08,53.94,92.87,149.5,129.97,86.94,46.86,23.28,49.67,55.44,35.64,,,64.28,73.42,52.14,,,71.02,4.61,2.0,43.37,22.72,20.67,90.95,8.08,16.53,3.71,12.1,19.21,,,20.44,11.25,,,1.0,1.18,,,11.03,3.53,31.99,424.39,,,350.78,82.65,51.13,106.19,19.89,39.67,46.64,81.83,38.58,32.56,10.69,199.47,90.25,45.24,5.22,1.17,22.34,26.44,7.28,27.52,1.58,0.61,38.6,26.81,2.61,9.74,4.0,1.14,28.47,2.25,0.42,18.52,0.11,0.06,50.0,11.36,3.53,31.05,3.31,4.94,20.17,3.67,6.86,12.86,70.72,25.78,36.45,1.75,1.42,13.28,4.75,35.77,60.42,33.86,56.05,35.33,17.0,48.11,3.67,1.36,37.12,41.39,15.11,12.86,3.22,0.14,146.61,104.39,71.2,64.06,59.5,92.89,156.5,140.92,90.04,47.03,24.14,51.33,53.61,34.67,64.66,73.19,51.97,71.01,,,3.69,1.28,34.59,24.0,21.5,89.58,9.5,16.44,3.9,11.61,19.53,20.21,12.84
2024,Colorado Springs,52.0,,2.0,,,,West,,,,,,,,,,,,,,,1.47,1.48,,,12.87,,,4.32,,,33.54,389.92,318.63,81.72,50.24,103.05,17.82,35.66,49.58,77.61,34.0,31.47,,,12.13,,186.29,88.5,47.51,5.97,1.37,22.91,28.82,8.45,,,29.32,1.05,0.42,40.0,25.84,3.5,13.54,4.55,1.26,27.75,1.55,0.55,35.59,0.21,0.18,87.5,14.45,4.97,34.43,5.03,6.95,,,24.39,,,4.34,9.08,15.79,,,62.71,24.66,39.32,2.32,1.08,10.97,,,3.71,,,33.81,63.13,38.18,60.48,35.45,15.55,43.88,2.63,1.13,43.0,37.32,,,13.42,13.32,2.45,0.08,135.5,94.29,,,69.59,58.0,54.55,94.06,141.97,125.79,88.6,47.18,23.13,49.02,56.13,37.45,,,66.71,68.95,49.18,,,71.34,2.26,1.24,54.65,22.08,19.53,88.44,8.68,15.46,3.77,12.54,19.39,,,20.41,10.11,,,1.08,1.35,,,10.97,3.47,31.65,390.74,,,319.03,81.65,49.76,101.63,19.0,37.39,45.24,75.95,36.55,28.55,10.84,186.29,90.53,48.59,4.37,1.0,22.89,25.71,6.87,26.71,0.87,0.45,51.52,27.42,3.11,11.32,4.63,1.29,27.84,2.03,0.45,22.08,0.13,0.08,60.0,14.82,4.58,30.91,4.87,6.68,23.55,3.89,9.45,16.61,63.11,24.92,39.49,1.79,1.47,12.87,4.45,34.56,62.74,38.05,60.65,35.45,16.89,47.66,3.0,1.29,42.98,37.61,14.71,12.45,2.76,0.08,132.13,92.24,69.81,61.58,57.79,93.85,147.08,129.32,87.92,49.32,25.45,51.6,52.08,34.37,65.99,68.63,47.26,68.87,,,1.68,0.74,43.75,19.11,17.37,90.91,8.74,15.65,3.79,13.08,18.15,20.83,11.97
2022,Tampa Bay Rowdies,67.0,,3.0,,,,East,,,,,,,,,,,,,,,2.08,1.82,,,12.7,,,5.24,,,41.28,455.27,380.51,83.58,52.39,103.0,14.38,36.51,52.11,82.03,34.84,35.16,,,12.03,,195.46,97.68,49.97,3.62,0.92,25.37,32.32,8.16,,,25.25,1.27,0.49,38.3,26.43,3.35,12.68,5.68,1.46,25.71,1.81,0.46,25.37,0.32,0.24,75.0,16.43,5.49,33.39,5.54,7.59,,,27.78,,,6.3,9.54,21.49,,,70.89,30.97,43.69,3.11,0.95,8.32,,,2.89,,,34.74,54.46,34.0,62.43,37.78,18.41,48.71,2.97,1.54,51.82,36.3,,,11.89,12.14,1.97,0.11,153.32,111.92,,,72.99,72.46,68.41,94.41,170.05,151.49,89.08,52.16,29.19,55.96,63.57,43.86,,,69.01,80.19,60.86,,,75.9,3.81,1.3,34.04,22.16,20.43,92.2,7.0,16.34,4.3,12.38,16.59,,,20.83,11.4,,,0.95,0.99,,,8.32,2.81,33.77,407.86,,,336.3,82.45,47.61,103.19,20.27,40.49,42.43,78.49,39.19,30.59,8.7,195.46,89.49,45.78,3.65,0.81,22.22,21.59,5.14,23.78,1.49,0.59,40.0,24.22,2.32,9.6,3.19,0.84,26.27,2.11,0.38,17.95,0.03,0.0,0.0,9.92,2.86,28.88,3.03,5.14,18.0,2.86,5.95,11.35,54.46,20.46,37.57,1.59,2.08,12.7,5.54,43.62,70.86,39.89,56.29,37.81,16.76,44.32,4.84,2.22,45.81,39.11,17.3,13.35,2.49,0.14,142.97,100.14,70.04,61.54,58.08,94.38,150.3,135.05,89.86,51.95,27.03,52.03,50.89,31.46,61.82,71.97,50.32,69.92,,,2.76,0.92,33.33,20.03,18.16,90.69,7.84,16.16,3.99,13.21,18.58,20.72,12.92
2024,Charleston Battery,64.0,,2.0,,,,East,,,,,,,,,,,,,,,1.92,1.73,,,14.08,,,5.62,,,39.92,475.76,407.03,85.55,58.38,100.19,16.57,35.22,48.41,76.95,33.97,30.97,,,12.0,,196.92,94.49,47.98,6.08,2.0,32.89,31.27,8.86,,,28.35,0.62,0.3,47.83,29.0,4.11,14.17,5.16,1.78,34.55,2.7,0.54,20.0,0.22,0.19,87.5,13.84,4.59,33.2,4.41,8.41,,,25.03,,,3.46,9.16,17.49,,,73.24,27.65,37.75,1.95,1.03,9.49,,,3.24,,,34.19,62.89,39.57,62.91,32.84,15.49,47.16,2.78,1.41,50.49,36.11,,,12.08,12.92,2.0,0.08,153.38,116.89,,,76.21,70.14,66.43,94.72,189.05,171.86,90.91,49.49,29.08,58.77,57.59,40.59,,,70.48,77.41,58.73,,,75.87,1.76,0.78,44.62,19.73,17.95,90.96,6.57,16.25,4.58,10.58,18.98,,,19.9,9.17,,,1.03,1.02,,,9.49,3.16,33.33,329.27,,,261.76,79.5,41.62,97.49,18.49,34.97,44.03,73.0,35.27,27.38,10.35,196.92,94.51,48.0,4.38,1.27,29.01,23.54,5.65,24.0,0.78,0.38,48.28,25.78,3.03,11.74,3.7,1.05,28.47,2.24,0.51,22.89,0.14,0.11,80.0,12.78,4.68,36.58,4.76,4.68,18.81,2.89,7.65,13.0,62.89,23.32,37.09,1.84,1.92,14.08,6.0,42.61,73.24,45.59,62.25,32.84,14.54,44.28,3.68,1.62,44.12,37.19,12.62,16.32,3.11,0.16,118.38,81.46,68.81,50.46,46.62,92.39,112.32,96.89,86.26,44.24,23.92,54.06,43.97,27.05,61.52,62.76,42.0,66.93,,,1.78,0.57,31.82,18.92,16.22,85.71,8.7,15.7,3.33,13.98,19.27,20.51,12.34
2022,Memphis 901,68.0,,2.0,,,,East,,,,,,,,,,,,,,,1.94,1.64,,,12.72,,,5.22,,,41.05,398.97,326.47,81.83,50.62,106.83,18.75,38.61,49.47,83.61,37.22,34.44,,,11.94,,216.64,103.22,47.65,5.25,1.64,31.22,30.0,7.47,,,24.91,1.53,0.83,54.55,27.11,3.83,14.14,4.72,1.25,26.47,2.58,0.67,25.81,0.11,0.06,50.0,13.33,5.08,38.13,4.94,8.67,,,24.47,,,4.36,7.22,19.72,,,69.69,27.81,39.9,2.64,0.97,10.0,,,3.61,,,36.11,68.31,41.22,60.35,42.47,19.53,45.98,3.69,1.42,38.35,42.94,,,17.47,13.83,2.22,0.22,140.83,99.5,,,70.65,63.56,59.5,93.62,140.92,124.89,88.63,50.97,27.17,53.3,57.83,38.42,,,66.43,77.39,57.75,,,74.62,5.69,2.44,42.93,23.33,21.78,93.33,8.08,16.32,3.63,13.12,18.49,,,21.05,9.24,,,0.97,1.19,,,10.0,3.42,34.17,388.25,,,312.75,80.55,49.38,109.33,19.5,40.81,49.03,83.86,38.72,33.86,11.28,216.64,103.39,47.72,3.64,0.83,22.9,25.89,5.83,22.53,1.22,0.64,52.27,27.19,3.17,11.64,4.0,1.28,31.94,2.44,0.69,28.41,0.08,0.06,66.67,14.69,4.64,31.57,4.47,6.14,24.42,4.31,8.89,16.67,68.31,27.08,39.65,2.44,1.94,12.72,5.36,42.14,69.69,41.89,60.1,42.47,19.89,46.83,4.14,2.03,48.99,39.31,16.06,13.75,2.64,0.22,136.42,94.36,69.17,62.81,58.25,92.75,137.47,118.92,86.5,54.89,30.03,54.71,51.5,31.08,60.36,70.0,49.19,70.28,,,3.03,1.11,36.7,24.25,20.78,85.68,8.53,16.14,3.55,14.7,17.97,20.87,9.78
2025,El Paso Locomotive,41.0,,4.0,,,,West,,,,,,,,,,,,,,,1.52,1.27,,,11.74,,,4.35,,,37.09,419.29,356.1,84.93,53.25,93.16,17.74,34.0,41.42,67.1,32.9,25.23,,,8.97,,172.87,85.32,49.36,5.29,1.58,29.88,23.9,6.65,,,27.8,0.94,0.61,65.52,31.55,3.77,11.96,4.81,1.32,27.52,2.65,0.94,35.37,0.06,0.03,50.0,13.35,4.06,30.43,4.19,6.45,,,20.81,,,4.19,7.84,16.61,,,69.19,29.65,42.84,1.55,1.48,8.84,,,3.94,,,44.53,58.9,36.68,62.27,23.77,10.06,42.33,4.06,2.48,61.11,30.48,,,13.19,13.06,2.52,0.19,137.94,103.84,,,75.28,68.9,64.74,93.96,156.39,141.23,90.31,48.23,27.26,56.52,48.84,33.87,,,69.35,69.48,49.61,,,71.4,1.06,0.42,39.39,20.52,18.68,91.04,7.9,16.4,4.03,11.74,18.85,,,20.45,12.3,,,1.48,1.31,,,8.84,3.71,41.97,351.9,,,290.19,82.46,46.75,93.81,16.35,30.0,47.45,66.19,28.48,27.74,9.97,172.87,81.77,47.3,3.29,1.0,30.39,25.58,5.52,21.56,0.35,0.32,90.91,25.55,2.29,8.96,4.03,0.77,19.2,3.06,0.81,26.32,0.13,0.13,100.0,12.42,4.03,32.47,4.13,5.77,21.03,2.77,7.32,14.29,58.9,22.23,37.73,1.97,1.52,11.74,4.52,38.46,69.19,39.55,57.16,23.77,11.26,47.35,2.48,1.06,42.86,34.13,13.77,18.48,3.42,0.1,125.81,91.97,73.1,50.26,46.77,93.07,128.87,113.23,87.86,37.74,19.23,50.94,48.1,30.42,63.25,59.32,44.03,74.23,,,0.68,0.32,47.62,19.45,16.71,85.9,7.94,15.66,3.64,11.24,17.5,20.29,10.37
2022,Miami,55.0,,6.0,,,,East,,,,,,,,,,,,,,,1.37,1.35,,,10.63,,,4.26,,,40.05,419.6,351.37,83.74,49.1,101.77,19.03,35.89,46.86,78.6,35.63,31.17,,,11.8,,194.0,90.54,46.67,3.8,1.11,29.32,25.66,6.26,,,24.39,1.34,0.66,48.94,26.71,3.17,11.87,3.83,1.14,29.85,3.2,0.89,27.68,0.06,0.06,100.0,11.57,4.0,34.57,3.77,6.94,,,21.4,,,4.29,6.34,16.34,,,64.29,25.49,39.64,1.77,1.0,11.31,,,3.86,,,34.09,59.66,34.17,57.28,39.03,18.34,47.0,3.69,1.71,46.51,38.29,,,14.97,12.4,2.26,0.0,136.51,96.97,,,71.03,66.43,62.63,94.28,158.06,143.83,91.0,45.66,23.74,52.0,56.63,36.6,,,64.63,69.94,52.51,,,75.08,3.57,1.34,37.6,20.8,18.54,89.15,8.94,16.78,4.11,11.51,17.62,,,20.12,12.14,,,1.0,1.19,,,11.31,3.69,32.58,432.63,,,362.8,83.86,50.9,101.17,17.51,37.57,46.09,77.26,36.2,30.03,11.03,194.0,94.91,48.92,5.03,1.49,29.55,26.86,6.49,24.15,1.66,0.69,41.38,25.74,3.46,13.43,5.37,1.63,30.32,2.57,0.51,20.0,0.11,0.06,50.0,15.94,5.63,35.3,6.0,6.26,24.4,4.4,10.03,16.69,59.63,25.46,42.69,1.34,1.37,10.63,4.49,42.2,64.31,38.8,60.33,39.03,17.74,45.46,3.26,1.43,43.86,36.09,13.43,14.57,2.51,0.14,140.37,104.2,74.23,63.31,59.29,93.64,170.34,151.66,89.03,44.51,24.57,55.2,51.71,35.63,68.9,71.2,52.26,73.39,,,2.29,1.17,51.25,18.83,16.6,88.16,7.54,16.73,4.29,10.68,18.7,19.92,12.11
2023,Miami,41.0,,9.0,,,,East,,,,,,,,,,,,,,,1.26,1.23,,,8.97,,,3.71,,,41.31,426.47,356.91,83.69,48.81,99.59,17.24,37.35,45.0,78.12,34.41,32.0,,,11.71,,175.97,86.24,49.01,3.59,1.35,37.7,25.68,4.82,,,18.79,1.18,0.44,37.5,25.88,2.88,11.14,3.85,1.24,32.06,2.74,0.68,24.73,0.29,0.24,80.0,11.29,3.5,30.99,3.38,5.32,,,18.53,,,2.35,7.09,12.44,,,56.74,24.09,42.46,1.74,1.29,11.85,,,4.44,,,37.47,54.97,32.82,59.71,36.29,17.82,49.11,3.91,1.97,50.38,37.29,,,14.62,11.94,2.24,0.12,132.62,93.79,,,70.73,65.71,61.88,94.18,162.65,147.12,90.45,47.29,23.97,50.68,52.62,33.91,,,64.45,64.56,46.35,,,71.8,2.44,0.94,38.55,19.24,16.38,85.17,8.38,16.7,4.23,11.41,18.22,,,19.51,12.63,,,1.29,1.41,,,11.85,4.18,35.24,444.76,,,376.29,84.61,51.19,98.29,17.44,37.18,43.68,75.85,34.56,30.85,10.44,175.97,82.26,46.75,5.47,1.15,20.97,27.44,7.06,25.72,1.41,0.5,35.42,23.71,3.44,14.52,4.97,1.35,27.22,2.29,0.74,32.05,0.26,0.24,88.89,14.56,4.62,31.72,4.68,7.09,24.12,4.06,8.91,17.09,54.97,22.15,40.29,1.18,1.26,8.97,3.82,42.62,56.74,32.65,57.54,36.29,15.97,44.0,3.09,1.12,36.19,37.59,14.41,14.06,2.59,0.03,142.71,106.35,74.53,68.65,64.91,94.56,168.91,151.88,89.92,44.09,25.18,57.1,52.41,37.32,71.21,71.38,52.56,73.63,,,3.24,1.29,40.0,19.82,18.29,92.28,6.38,16.65,4.51,10.19,18.72,19.39,12.05
2024,San Antonio,39.0,,9.0,,,,West,,,,,,,,,,,,,,,1.06,1.0,,,9.41,,,3.09,,,32.81,324.91,251.71,77.47,47.59,109.71,18.71,37.88,53.12,81.71,37.79,32.21,,,11.71,,210.03,101.94,48.54,3.56,0.88,24.79,27.32,5.62,,,20.56,0.74,0.35,48.0,24.62,2.91,11.83,4.82,1.38,28.66,2.91,0.59,20.2,0.15,0.09,60.0,15.09,4.68,30.99,4.56,5.44,,,22.47,,,2.94,8.91,14.32,,,66.88,24.91,37.25,2.18,1.44,11.91,,,4.59,,,38.52,71.88,44.47,61.87,42.0,20.5,48.81,3.03,1.47,48.54,36.91,,,15.5,15.91,2.74,0.09,130.76,87.38,,,66.82,49.56,45.97,92.76,99.18,83.76,84.46,47.21,22.91,48.54,50.94,30.91,,,60.68,66.26,45.53,,,68.71,1.09,0.5,45.95,21.91,19.06,86.98,8.97,14.86,3.11,15.23,18.61,,,20.98,9.12,,,1.44,1.18,,,11.91,4.26,35.8,364.76,,,294.29,80.68,52.42,109.03,20.09,39.03,49.91,80.97,39.71,30.71,10.56,210.03,99.97,47.6,5.47,1.53,27.96,29.71,7.12,23.96,0.56,0.18,31.58,29.03,4.09,14.08,6.06,1.71,28.16,2.21,0.65,29.33,0.09,0.09,100.0,15.74,4.94,31.4,4.56,7.44,24.35,3.76,9.15,16.12,71.88,27.41,38.13,0.97,1.06,9.41,3.35,35.63,66.88,41.97,62.75,42.0,18.59,44.26,3.18,1.47,46.3,37.76,14.47,12.24,2.91,0.15,133.82,95.68,71.49,55.18,51.91,94.08,125.71,108.29,86.15,44.38,24.09,54.27,53.68,37.0,68.93,73.06,53.18,72.79,,,1.94,1.18,60.61,23.09,19.79,85.73,7.26,14.85,3.4,12.97,19.38,20.83,9.25
2024,North Carolina FC,48.0,,8.0,,,,East,,,,,,,,,,,,,,,1.6,1.39,,,11.6,,,4.06,,,34.98,378.4,314.71,83.17,46.54,98.29,18.06,37.66,42.57,72.71,34.29,26.91,,,11.51,,175.89,84.54,48.07,4.77,1.14,23.95,24.23,7.03,,,29.01,1.09,0.57,52.63,26.74,3.29,12.29,4.57,1.46,31.88,2.66,0.49,18.28,0.17,0.14,83.33,11.2,3.69,32.91,3.63,5.66,,,19.8,,,4.26,6.57,16.06,,,60.2,24.91,41.39,1.43,1.31,8.89,,,3.51,,,39.55,55.83,34.43,61.67,35.57,15.37,43.21,3.23,1.71,53.1,36.77,,,14.54,12.8,2.37,0.11,129.26,93.54,,,72.37,57.89,54.29,93.78,140.51,125.31,89.18,39.94,21.06,52.72,45.97,30.77,,,66.94,64.2,45.77,,,71.3,2.11,0.86,40.54,18.66,15.26,81.78,7.54,15.99,3.84,11.12,18.36,,,19.76,13.52,,,1.31,1.05,,,8.89,3.26,36.66,439.34,,,365.57,83.21,53.46,99.89,17.46,34.23,48.2,73.29,31.09,32.26,9.94,175.89,84.23,47.89,4.06,1.34,33.1,26.63,5.31,19.96,0.46,0.2,43.75,25.91,2.91,11.25,4.46,1.2,26.92,2.06,0.37,18.06,0.14,0.14,100.0,12.34,3.71,30.09,3.57,5.11,21.54,3.17,7.69,12.14,55.86,21.4,38.31,3.86,1.6,11.6,4.34,37.44,60.17,35.26,58.59,35.57,17.31,48.67,3.2,1.8,56.25,34.71,11.91,12.69,2.29,0.06,144.86,102.34,70.65,64.63,60.86,94.16,175.17,157.97,90.18,49.91,24.6,49.28,59.54,36.91,62.0,71.57,49.69,69.42,,,2.43,0.74,30.59,19.71,18.63,94.49,8.31,16.21,4.43,11.9,18.91,20.44,11.77
2025,Detroit City,37.0,,8.0,,,,East,,,,,,,,,,,,,,,1.06,0.91,,,8.88,,,3.16,,,35.56,386.28,313.25,81.09,52.57,112.13,20.91,40.5,50.72,80.47,36.09,32.88,,,11.5,,199.47,95.06,47.66,4.06,1.25,30.77,25.84,4.97,,,19.23,0.5,0.22,43.75,28.25,3.09,10.95,3.91,0.97,24.8,2.72,0.41,14.94,0.06,0.03,50.0,13.66,4.63,33.87,4.41,5.38,,,21.69,,,3.38,8.59,13.78,,,68.03,27.81,40.88,1.41,1.09,9.06,,,3.0,,,33.1,59.44,35.78,60.2,45.34,20.72,45.69,1.97,1.03,52.38,35.97,,,12.94,14.16,1.97,0.0,139.09,96.41,,,69.31,60.41,56.44,93.43,132.81,117.16,88.21,48.03,25.06,52.18,51.78,33.0,,,63.73,69.31,47.53,,,68.58,0.66,0.16,23.81,22.13,19.56,88.42,7.75,15.27,3.77,12.72,18.64,,,19.97,10.21,,,1.09,1.06,,,9.06,2.88,31.72,366.59,,,295.72,80.67,47.43,109.0,20.75,38.03,50.22,79.25,35.56,31.25,12.44,199.47,94.69,47.47,3.88,0.78,20.16,25.84,6.22,24.06,0.5,0.19,37.5,26.0,2.22,8.53,3.72,0.88,23.53,3.28,0.63,19.05,0.13,0.09,75.0,13.0,4.25,32.69,4.56,5.28,20.81,2.66,8.31,13.38,59.41,23.63,39.77,1.41,1.06,8.88,3.38,38.03,68.06,40.22,59.09,45.34,20.25,44.66,2.28,1.0,43.84,35.94,14.38,17.09,2.59,0.19,129.0,90.0,69.77,54.5,49.94,91.63,133.16,116.88,87.77,48.97,26.28,53.67,51.09,32.34,63.3,65.97,45.19,68.5,,,0.59,0.31,52.63,20.66,17.44,84.42,8.03,15.9,3.6,14.15,18.24,20.56,9.12
2022,New Mexico United,51.0,,5.0,,,,West,,,,,,,,,,,,,,,1.4,1.39,,,11.49,,,3.89,,,33.83,379.4,303.03,79.87,50.1,109.23,18.31,38.63,52.29,81.77,35.57,34.74,,,11.46,,205.14,100.71,49.09,4.66,1.31,28.22,27.17,6.77,,,24.92,1.6,0.66,41.07,28.11,3.29,11.69,4.71,1.54,32.73,3.26,0.49,14.91,0.26,0.2,77.78,14.03,4.49,31.98,4.57,6.74,,,24.17,,,3.77,8.29,16.09,,,61.74,27.29,44.19,2.2,1.2,9.51,,,3.83,,,40.24,69.69,42.31,60.72,39.29,16.91,43.05,3.66,1.63,44.53,39.0,,,15.63,14.17,2.4,0.03,137.74,93.77,,,68.08,55.03,50.91,92.52,138.34,121.71,87.98,48.6,23.97,49.32,54.34,32.57,,,59.94,69.66,50.31,,,72.23,3.54,1.23,34.68,24.03,20.23,84.19,8.8,15.95,3.49,13.53,18.5,,,21.12,9.19,,,1.2,1.19,,,9.51,3.57,37.54,377.66,,,303.46,80.35,49.9,109.49,20.94,40.77,47.77,85.57,40.71,34.54,10.31,205.14,95.8,46.7,3.6,1.06,29.37,25.26,4.97,19.68,1.51,0.66,43.4,27.4,3.54,12.93,4.06,1.49,36.62,2.46,0.63,25.58,0.14,0.09,60.0,12.77,4.14,32.44,4.14,5.4,22.14,3.2,7.83,14.6,69.69,27.34,39.24,2.09,1.4,11.49,4.2,36.57,61.71,34.43,55.79,39.31,19.77,50.29,4.31,1.86,43.05,42.83,17.54,14.54,2.63,0.11,140.2,96.94,69.15,58.83,55.11,93.69,124.77,108.54,86.99,52.09,27.14,52.11,51.66,30.66,59.35,68.4,47.14,68.92,,,3.77,1.4,37.12,20.91,18.57,88.8,8.83,15.98,3.45,14.1,17.54,20.71,10.5
2022,Indy Eleven,41.0,,9.0,,,,East,,,,,,,,,,,,,,,1.21,1.06,,,8.94,,,3.79,,,42.43,386.53,317.5,82.14,46.6,106.21,20.26,40.91,45.03,81.41,39.09,30.94,,,11.38,,199.79,90.5,45.3,3.32,1.09,32.74,25.65,5.74,,,22.36,1.0,0.35,35.29,27.56,2.32,8.43,3.68,1.26,34.4,2.29,0.41,17.95,0.12,0.12,100.0,11.0,4.15,37.7,4.29,5.62,,,18.97,,,2.74,7.29,12.85,,,67.03,25.18,37.56,1.26,1.62,11.76,,,4.85,,,41.25,62.71,35.53,56.66,38.56,17.32,44.93,3.15,1.0,31.78,40.35,,,14.0,13.91,2.76,0.12,136.03,96.82,,,71.18,59.18,54.88,92.74,138.06,122.53,88.75,49.56,27.24,54.96,46.0,29.68,,,64.51,68.03,46.47,,,68.31,2.97,1.38,46.53,22.35,19.68,88.03,8.97,16.89,3.68,13.15,18.08,,,19.98,11.97,,,1.62,1.57,,,11.76,4.65,39.5,439.18,,,364.65,83.03,53.4,104.15,17.71,36.53,49.91,84.06,35.09,36.09,12.88,199.79,101.35,50.73,4.68,1.53,32.7,29.56,7.32,24.78,1.56,0.62,39.62,25.21,3.29,13.07,4.91,1.38,28.14,2.24,0.41,18.42,0.24,0.15,62.5,16.09,4.79,29.8,5.15,7.47,27.15,4.62,9.94,18.15,62.74,27.18,43.32,2.74,1.21,8.94,3.97,44.41,67.03,41.85,62.44,38.53,19.03,49.39,3.26,1.65,50.45,37.29,15.62,14.62,2.56,0.03,148.76,108.68,73.05,64.62,61.12,94.58,165.74,146.15,88.18,49.24,27.5,55.85,56.47,38.38,67.97,76.82,58.0,75.5,,,4.68,1.79,38.36,19.91,18.29,91.88,6.5,16.69,4.22,11.47,17.63,20.17,9.09
2023,Rio Grande Valley,43.0,,9.0,,,,West,,,,,,,,,,,,,,,1.26,1.19,,,11.62,,,4.53,,,38.99,412.44,339.41,82.29,50.33,102.24,17.06,36.32,48.85,79.35,36.68,31.29,,,11.38,,198.29,97.15,48.99,5.94,1.79,30.2,28.53,6.76,,,23.71,2.26,0.82,36.36,28.26,3.32,11.76,4.82,1.18,24.39,2.68,0.56,20.88,0.06,0.06,100.0,13.74,3.91,28.48,3.76,6.53,,,22.53,,,4.65,7.76,15.47,,,71.12,30.0,42.18,2.09,1.41,9.12,,,4.15,,,45.48,68.79,41.18,59.85,29.76,13.41,45.06,3.65,1.71,46.77,40.74,,,14.35,13.29,2.18,0.21,140.62,100.71,,,71.62,60.71,56.76,93.51,154.62,136.79,88.47,49.82,26.44,53.07,57.53,39.38,,,68.46,72.5,53.68,,,74.04,3.29,1.35,41.07,21.97,20.38,92.77,6.68,16.04,3.81,12.49,19.94,,,20.8,12.21,,,1.41,1.28,,,9.12,3.79,41.61,415.59,,,344.88,82.99,49.67,101.12,17.09,37.21,46.82,76.21,35.88,30.29,10.03,198.29,93.71,47.26,3.47,0.91,26.27,26.41,4.59,17.37,2.0,0.79,39.71,27.12,3.0,11.06,4.91,0.94,19.16,2.65,0.71,26.67,0.24,0.24,100.0,12.85,4.53,35.24,4.44,5.41,20.82,3.06,7.79,14.0,68.79,27.62,40.15,2.38,1.26,11.62,4.68,40.25,71.12,41.12,57.82,29.76,13.94,46.84,4.18,1.91,45.77,39.06,15.94,15.38,2.62,0.12,143.21,105.56,73.71,63.15,59.12,93.62,148.38,130.53,87.97,42.0,21.65,51.54,50.24,33.56,66.8,69.44,49.85,71.79,,,4.21,1.44,34.27,23.59,20.82,88.28,8.03,16.11,3.89,10.87,17.76,19.62,10.4
2024,Sacramento Republic,49.0,,5.0,,,,West,,,,,,,,,,,,,,,1.31,1.56,,,12.06,,,4.23,,,35.07,410.71,338.86,82.5,49.69,102.49,16.77,36.94,48.77,79.0,34.37,33.4,,,11.23,,200.63,99.51,49.6,4.57,1.11,24.38,30.03,7.17,,,23.88,0.91,0.54,59.38,27.6,3.77,13.66,5.37,1.77,32.98,2.63,0.8,30.43,0.03,0.03,100.0,16.69,5.91,35.45,5.8,5.89,,,22.74,,,3.09,10.14,16.6,,,63.46,26.06,41.06,2.17,0.97,10.29,,,4.0,,,38.89,68.83,42.69,62.02,41.66,20.57,49.38,4.06,1.71,42.25,36.89,,,13.94,14.26,2.57,0.09,145.14,104.69,,,72.13,65.86,61.83,93.88,144.2,127.43,88.37,49.8,26.17,52.55,58.66,39.09,,,66.63,73.0,55.06,,,75.42,1.26,0.49,38.64,21.97,20.34,92.59,7.43,16.45,3.86,12.42,17.6,,,20.49,10.3,,,0.97,1.18,,,10.29,3.77,36.67,399.66,,,330.74,82.76,50.31,104.57,19.43,39.6,45.54,79.77,38.49,31.0,10.29,200.63,93.09,46.4,4.26,1.11,26.17,25.43,6.31,24.83,0.97,0.54,55.88,26.6,2.97,11.17,4.2,1.11,26.53,2.4,0.57,23.81,0.11,0.03,25.0,12.23,3.63,29.67,3.34,5.66,20.66,3.26,7.37,14.0,68.86,26.14,37.97,2.34,1.31,12.06,4.34,36.02,63.46,37.4,58.94,41.63,17.74,42.62,3.91,1.97,50.36,36.57,14.4,14.03,2.89,0.03,138.63,96.86,69.87,59.31,55.54,93.64,149.57,135.43,90.54,50.74,26.51,52.25,53.77,34.31,63.82,68.2,48.2,70.67,,,1.8,0.77,42.86,21.77,19.17,88.06,7.74,15.55,3.8,13.56,19.13,20.75,11.81
2024,Loudoun United,44.0,,11.0,,,,East,,,,,,,,,,,,,,,1.29,1.48,,,10.88,,,4.38,,,40.27,481.12,407.62,84.72,52.07,104.24,19.74,39.82,44.68,78.94,36.0,31.76,,,11.18,,185.32,87.32,47.12,4.09,1.29,31.65,27.32,6.94,,,25.4,0.53,0.44,83.33,25.41,2.97,11.69,4.03,0.94,23.36,2.44,0.56,22.89,0.18,0.09,50.0,13.74,4.74,34.48,4.47,8.32,,,23.59,,,4.0,7.85,17.21,,,66.18,24.94,37.69,1.59,1.15,10.41,,,4.18,,,40.11,61.44,36.24,58.98,32.03,15.47,48.3,2.38,1.15,48.15,37.21,,,11.94,11.56,2.32,0.03,160.12,118.74,,,74.16,75.88,71.74,94.53,171.18,154.97,90.53,42.97,22.47,52.29,54.74,39.03,,,71.31,78.21,53.5,,,68.41,1.85,0.53,28.57,20.15,18.41,91.39,6.82,17.22,4.76,9.29,17.73,,,18.79,12.54,,,1.15,1.3,,,10.41,3.94,37.85,409.65,,,339.71,82.93,47.93,101.79,18.15,35.88,47.76,80.65,34.12,33.65,12.88,185.32,91.59,49.42,4.38,1.24,28.19,27.76,6.68,24.05,1.15,0.68,58.97,22.88,2.62,11.44,3.94,1.03,26.12,1.97,0.35,17.91,0.03,0.03,100.0,14.21,4.06,28.57,4.0,6.21,22.65,4.0,8.79,15.38,61.44,25.21,41.02,1.82,1.29,10.88,4.5,41.35,66.18,41.24,62.31,32.03,14.21,44.35,3.44,1.26,36.75,40.82,15.26,13.32,2.44,0.24,136.68,97.03,70.99,63.88,60.38,94.52,154.21,137.85,89.4,49.56,25.56,51.57,51.91,33.21,63.97,65.21,47.24,72.44,,,1.91,0.85,44.62,18.68,16.24,86.93,7.12,15.96,4.15,12.42,18.28,20.06,11.6
2023,Birmingham Legion,46.0,,7.0,,,,East,,,,,,,,,,,,,,,1.33,1.36,,,11.42,,,3.92,,,34.31,395.28,321.58,81.36,49.16,101.25,17.97,36.11,47.17,76.75,34.86,30.72,,,11.17,,191.61,91.75,47.88,5.42,1.5,27.69,28.19,7.47,,,26.5,1.56,0.36,23.21,24.97,2.92,11.68,4.94,1.19,24.16,1.75,0.39,22.22,0.14,0.11,80.0,12.67,3.58,28.29,3.75,6.83,,,23.03,,,3.72,7.78,15.39,,,67.69,26.11,38.57,2.06,1.53,10.78,,,4.56,,,42.27,66.36,40.33,60.78,30.14,14.08,46.73,2.5,1.06,42.22,36.92,,,13.31,14.03,2.61,0.03,136.67,97.33,,,71.22,55.11,50.86,92.29,145.33,127.22,87.54,46.86,25.06,53.47,53.42,35.89,,,67.19,69.58,50.42,,,72.46,3.67,1.08,29.55,20.81,18.69,89.85,8.92,15.46,3.83,11.98,19.84,,,20.1,11.85,,,1.53,1.41,,,10.78,4.36,40.46,427.5,,,358.64,83.89,50.84,100.72,18.5,36.03,46.19,79.42,36.5,31.31,11.61,191.61,93.39,48.74,4.06,1.44,35.62,27.33,6.42,23.48,1.89,0.75,39.71,27.22,3.08,11.33,4.75,1.17,24.56,2.42,0.61,25.29,0.08,0.06,66.67,12.64,4.47,35.38,4.33,6.78,22.5,3.89,7.44,16.72,66.36,26.03,39.22,1.72,1.33,11.42,4.14,36.25,67.69,41.58,61.43,30.14,13.67,45.35,4.31,2.08,48.39,43.42,14.25,10.53,1.83,0.0,139.03,102.28,73.57,66.5,62.33,93.73,163.06,146.14,89.63,46.28,25.69,55.52,54.22,37.08,68.39,72.72,53.14,73.07,,,3.42,1.56,45.53,20.08,17.56,87.41,7.72,16.06,4.07,11.24,17.82,20.02,9.38
2025,Lexington,36.0,,9.0,,,,West,,,,,,,,,,,,,,,1.03,1.22,,,10.2,,,3.17,,,31.05,410.0,351.3,85.68,52.41,94.27,18.0,30.93,45.33,66.3,29.7,25.5,,,11.1,,172.6,81.5,47.22,3.83,0.77,20.0,25.93,6.37,,,24.55,0.4,0.27,66.67,25.03,3.07,12.25,5.13,1.33,25.97,1.63,0.43,26.53,0.0,0.0,0.0,14.47,5.0,34.56,4.9,5.9,,,23.23,,,4.07,9.33,16.8,,,64.83,25.67,39.59,1.57,1.4,9.67,,,3.4,,,35.17,54.67,33.1,60.55,33.4,15.33,45.91,2.67,1.2,45.0,32.0,,,14.1,12.77,1.9,0.17,135.47,104.73,,,77.31,61.97,58.57,94.51,161.1,145.83,90.52,34.83,18.73,53.78,49.8,36.03,,,72.36,65.9,49.27,,,74.76,1.47,0.63,43.18,19.5,17.13,87.86,7.57,15.2,4.4,8.84,17.15,,,19.81,12.54,,,1.4,1.27,,,9.67,3.27,33.79,395.83,,,333.1,84.15,47.59,92.33,18.03,32.73,41.57,67.57,31.3,26.0,10.27,172.6,85.07,49.29,3.87,0.97,25.0,24.27,5.67,23.35,0.73,0.47,63.64,24.77,3.17,12.79,4.1,1.5,36.59,1.97,0.37,18.64,0.17,0.17,100.0,12.67,4.27,33.68,4.13,5.87,19.53,3.27,7.67,14.37,54.63,21.53,39.41,1.5,1.03,10.2,3.43,33.66,64.87,39.17,60.38,33.4,15.47,46.31,3.0,1.53,51.11,34.77,15.27,12.27,2.03,0.07,127.03,92.57,72.87,61.33,58.0,94.57,156.67,141.43,90.28,43.33,21.7,50.08,46.3,29.87,64.51,60.73,43.07,70.91,,,0.73,0.33,45.45,17.13,15.33,89.49,7.67,16.06,4.29,11.68,18.54,20.42,12.56
2023,San Diego Loyal,57.0,,3.0,,,,West,,,,,,,,,,,,,,,1.83,1.61,,,11.94,,,4.86,,,40.67,457.71,390.0,85.21,56.61,97.4,16.8,34.83,45.77,73.23,31.06,31.09,,,11.09,,191.03,89.06,46.62,5.0,1.31,26.29,27.23,7.03,,,25.81,1.34,0.66,48.94,29.4,3.57,12.15,4.91,1.34,27.33,2.8,0.83,29.59,0.2,0.14,71.43,15.43,5.11,33.15,4.89,5.89,,,23.31,,,4.14,9.77,16.29,,,74.14,30.49,41.12,1.34,1.31,11.43,,,3.69,,,32.25,60.09,34.26,57.01,31.0,13.8,44.52,3.57,1.51,42.4,35.23,,,13.17,13.09,2.23,0.06,146.17,109.63,,,75.0,64.89,61.6,94.94,182.66,165.51,90.61,45.26,25.17,55.62,52.43,35.89,,,68.45,67.06,48.86,,,72.86,2.71,1.06,38.95,20.49,19.43,94.84,8.17,15.61,4.37,10.14,17.98,,,19.74,9.99,,,1.34,1.27,,,11.43,3.57,31.25,368.37,,,304.26,82.6,43.39,97.57,20.89,35.46,41.23,76.23,34.8,30.34,11.09,191.03,95.17,49.82,4.8,1.0,20.83,25.06,6.8,27.14,1.43,0.66,46.0,23.8,3.51,14.77,4.14,1.31,31.72,2.66,0.97,36.56,0.14,0.14,100.0,11.74,3.6,30.66,3.54,6.03,19.86,4.09,6.8,15.71,60.09,25.83,42.99,1.97,1.8,11.94,5.09,42.58,74.14,43.66,58.88,31.0,14.43,46.54,4.86,2.51,51.76,38.71,18.46,15.34,2.83,0.09,118.54,83.71,70.62,55.14,51.14,92.75,138.97,122.69,88.28,41.23,20.97,50.87,42.97,28.03,65.23,61.6,42.43,68.88,,,3.29,1.26,38.26,18.34,15.8,86.14,7.34,16.25,3.72,11.99,18.78,20.25,12.04
2024,New Mexico United,59.0,,1.0,,,,West,,,,,,,,,,,,,,,1.33,1.46,,,11.53,,,4.92,,,42.65,445.17,374.36,84.09,53.94,99.5,18.42,32.94,48.14,72.89,34.36,27.44,,,11.08,,182.42,87.06,47.72,5.11,1.69,33.15,26.72,6.86,,,25.68,0.78,0.44,57.14,29.19,3.42,11.7,4.47,1.08,24.22,1.64,0.36,22.03,0.28,0.14,50.0,11.44,3.64,31.8,3.61,9.86,,,26.22,,,4.14,6.22,18.53,,,64.75,25.53,39.43,2.08,1.28,10.97,,,3.97,,,36.2,63.56,38.75,60.97,29.94,13.28,44.34,4.28,2.08,48.7,36.31,,,14.58,12.53,2.47,0.06,147.78,107.81,,,72.95,66.17,62.61,94.63,173.31,156.36,90.22,46.36,24.44,52.73,54.86,36.47,,,66.48,72.44,53.89,,,74.39,2.42,1.0,41.38,20.92,18.61,88.98,9.89,16.26,4.33,10.67,18.72,,,20.08,10.37,,,1.28,1.42,,,10.97,3.75,34.18,362.72,,,295.56,81.48,46.06,95.86,19.03,33.36,43.47,74.25,35.97,28.44,9.83,182.42,89.14,48.87,4.61,1.25,27.11,25.36,6.39,25.19,0.83,0.44,53.33,25.86,3.61,13.96,4.67,1.67,35.71,2.28,0.69,30.49,0.14,0.14,100.0,15.22,4.75,31.2,5.06,5.67,23.33,3.97,9.28,15.72,63.56,24.81,39.03,2.0,1.33,11.53,5.11,44.34,64.75,39.22,60.57,29.94,14.36,47.96,3.67,1.86,50.76,38.03,14.14,14.0,2.56,0.08,130.33,93.78,71.95,58.14,54.08,93.02,125.78,109.36,86.95,42.86,21.78,50.81,50.36,32.03,63.6,66.94,47.92,71.58,,,1.56,0.64,41.07,19.69,17.19,87.31,8.25,15.66,3.57,12.34,18.38,20.84,13.0
2024,Birmingham Legion,45.0,,9.0,,,,East,,,,,,,,,,,,,,,1.3,1.29,,,12.64,,,4.21,,,33.33,430.39,358.61,83.32,49.34,98.06,18.12,31.76,48.18,72.48,35.0,26.52,,,10.97,,174.18,82.27,47.23,6.12,1.88,30.69,29.21,8.27,,,28.32,0.91,0.61,66.67,25.45,3.45,13.57,4.94,1.52,30.67,1.73,0.58,33.33,0.0,0.0,0.0,12.85,3.58,27.83,3.61,6.82,,,22.94,,,4.18,7.58,15.52,,,60.73,23.03,37.92,2.15,1.55,13.03,,,4.79,,,36.74,62.79,36.55,58.2,29.03,13.52,46.56,1.97,1.18,60.0,36.06,,,12.58,11.24,2.0,0.06,141.48,102.58,,,72.5,63.52,60.3,94.94,170.0,151.76,89.27,49.12,24.52,49.91,59.67,40.15,,,67.29,71.7,51.79,,,72.23,1.64,0.7,42.59,19.82,17.67,89.14,9.15,16.15,4.23,11.75,20.05,,,20.93,14.23,,,1.55,1.52,,,13.03,4.61,35.35,444.39,,,377.85,85.03,50.66,98.33,18.94,32.18,47.21,73.7,35.55,27.24,10.91,174.18,85.94,49.34,5.09,1.67,32.74,29.73,8.39,28.24,0.85,0.39,46.43,26.03,3.52,13.5,5.39,1.58,29.21,2.12,0.39,18.57,0.12,0.12,100.0,14.24,5.12,35.96,4.97,7.64,24.79,4.27,8.58,18.94,62.76,26.21,41.77,1.67,1.3,12.64,4.39,34.77,60.73,37.7,62.08,29.06,13.45,46.3,2.58,1.64,63.53,38.18,15.24,11.06,1.55,0.03,146.67,111.12,75.76,67.0,63.03,94.08,174.12,156.97,90.15,40.91,23.0,56.22,56.76,39.45,69.51,72.94,55.18,75.65,,,1.94,0.7,35.94,17.82,16.03,89.97,8.82,16.22,4.4,9.45,18.72,19.97,13.13
2022,San Diego Loyal,60.0,,2.0,,,,West,,,,,,,,,,,,,,,1.94,1.82,,,12.69,,,5.17,,,40.77,436.14,367.83,84.34,55.63,99.17,17.71,37.57,43.89,77.91,36.91,30.03,,,10.97,,196.8,95.63,48.59,4.31,1.49,34.44,27.69,6.91,,,24.97,1.49,0.71,48.08,29.8,4.23,14.19,5.0,1.37,27.43,2.69,0.8,29.79,0.29,0.14,50.0,14.77,5.54,37.52,5.4,6.14,,,24.2,,,4.91,8.89,18.6,,,76.83,33.37,43.44,1.74,1.66,11.17,,,4.14,,,37.08,59.37,34.03,57.31,29.8,15.14,50.81,4.86,1.8,37.06,39.2,,,14.83,13.69,2.8,0.26,143.66,107.0,,,74.48,65.23,61.11,93.69,163.77,147.37,89.99,47.77,27.94,58.49,47.94,32.77,,,68.36,73.43,53.03,,,72.22,4.0,1.63,40.71,19.77,18.71,94.65,6.74,16.03,4.06,11.28,16.93,,,20.08,8.96,,,1.66,1.26,,,11.17,4.0,35.81,358.71,,,291.86,81.36,44.37,96.77,17.69,33.03,46.06,77.54,34.09,31.6,11.86,196.8,94.63,48.08,5.03,1.31,26.14,25.83,6.74,26.11,1.43,0.57,40.0,25.86,3.26,12.6,4.4,1.51,34.42,2.46,0.49,19.77,0.2,0.17,85.71,12.57,3.69,29.32,4.03,5.89,21.83,3.23,7.97,14.74,59.37,25.34,42.69,2.14,1.94,12.69,5.37,42.34,76.83,43.46,56.56,29.8,12.89,43.24,4.69,2.34,50.0,38.49,14.17,16.37,3.29,0.23,120.86,82.74,68.46,51.83,48.34,93.27,137.89,122.0,88.48,43.97,21.2,48.21,48.63,30.34,62.4,63.46,44.4,69.97,,,3.54,1.37,38.71,19.51,17.11,87.7,7.89,16.38,3.55,12.93,19.09,20.74,11.26
2022,Monterey Bay FC,40.0,,12.0,,,,West,,,,,,,,,,,,,,,1.24,1.27,,,9.79,,,3.56,,,36.34,372.79,298.85,80.17,43.94,108.59,19.68,41.06,47.85,81.35,39.18,31.29,,,10.88,,206.24,97.24,47.15,3.74,0.76,20.47,28.53,5.82,,,20.41,1.44,0.65,44.9,25.35,2.82,11.14,4.94,1.32,26.79,2.71,0.65,23.91,0.03,0.0,0.0,14.29,3.97,27.78,3.85,4.88,,,20.82,,,3.91,9.09,14.32,,,66.47,25.35,38.14,1.35,1.74,11.59,,,4.79,,,41.37,70.76,41.76,59.02,36.94,17.38,47.05,4.62,1.91,41.4,43.09,,,15.79,13.15,2.18,0.21,134.32,93.79,,,69.83,57.53,53.62,93.2,128.18,109.71,85.59,47.24,24.74,52.37,47.71,30.76,,,64.49,66.94,46.29,,,69.16,2.62,0.88,33.71,25.15,21.79,86.67,8.35,16.42,3.38,13.02,16.96,,,20.04,12.08,,,1.74,1.62,,,11.59,4.5,38.83,488.03,,,409.26,83.86,56.06,106.85,17.65,38.15,51.06,84.5,38.26,34.32,11.91,206.24,100.41,48.69,4.56,1.21,26.45,31.15,6.59,21.15,2.09,1.18,56.34,25.79,3.09,11.97,5.0,1.15,22.94,2.24,0.62,27.63,0.26,0.21,77.78,15.62,5.18,33.15,5.15,7.21,25.59,4.18,9.41,17.24,70.76,29.0,40.98,2.12,1.24,9.79,3.76,38.44,66.47,41.12,61.86,36.94,16.76,45.38,4.38,2.03,46.31,39.41,16.82,12.65,2.56,0.06,163.47,121.29,74.2,74.35,69.97,94.11,185.24,165.32,89.25,47.88,26.74,55.84,65.97,44.76,67.86,82.44,62.79,76.17,,,4.68,2.12,45.28,22.91,20.38,88.96,7.09,16.79,4.46,10.27,17.35,20.07,9.6
2023,Memphis 901,52.0,,4.0,,,,East,,,,,,,,,,,,,,,1.71,1.47,,,12.26,,,4.46,,,36.36,472.49,398.43,84.33,55.32,103.97,15.97,39.06,48.94,81.23,36.0,34.37,,,10.86,,194.54,91.86,47.22,5.09,1.54,30.34,28.54,6.94,,,24.32,1.86,0.83,44.62,26.06,3.8,14.58,4.57,1.51,33.13,2.69,0.66,24.47,0.17,0.11,66.67,12.57,4.06,32.27,3.63,8.29,,,23.57,,,3.77,7.23,18.17,,,63.37,25.11,39.63,2.06,1.54,9.0,,,3.86,,,42.86,61.54,36.8,59.8,37.2,16.51,44.39,3.09,1.4,45.37,37.94,,,15.2,13.2,2.06,0.17,155.2,113.71,,,73.27,79.09,74.8,94.58,174.71,157.94,90.4,53.57,29.97,55.95,59.0,39.89,,,67.6,78.09,58.91,,,75.45,3.86,1.63,42.22,23.37,22.37,95.72,6.66,16.61,4.45,11.65,18.44,,,20.36,10.18,,,1.54,1.32,,,9.0,3.71,41.27,364.0,,,290.34,79.76,44.68,103.43,18.06,39.26,46.11,80.74,37.06,33.71,9.97,194.54,93.89,48.26,3.06,0.91,29.91,23.6,4.74,20.1,1.91,0.94,49.25,24.74,2.8,11.32,3.89,1.2,30.88,2.83,0.74,26.26,0.09,0.06,66.67,12.31,4.14,33.64,3.94,5.43,20.31,3.89,7.06,15.71,61.54,24.74,40.2,3.37,1.71,12.26,4.69,38.23,63.37,38.26,60.37,37.2,17.54,47.16,3.94,1.63,41.3,39.83,14.57,12.8,2.31,0.09,129.0,85.57,66.33,53.23,50.03,93.99,134.4,118.29,88.01,52.34,26.11,49.89,49.63,28.34,57.11,66.49,45.06,67.77,,,3.8,1.4,36.84,21.46,19.03,88.68,7.31,15.8,3.53,15.15,17.2,21.38,13.85
2025,Charleston Battery,62.0,,2.0,,,,East,,,,,,,,,,,,,,,1.9,1.6,,,12.93,,,5.23,,,40.46,494.37,425.7,86.11,59.61,102.6,18.6,35.37,48.63,74.5,33.23,30.47,,,10.8,,173.4,82.67,47.67,5.83,1.8,30.86,26.57,7.8,,,29.36,0.8,0.4,50.0,28.2,3.73,13.24,4.87,1.4,28.77,2.17,0.53,24.62,0.33,0.3,90.0,12.07,4.2,34.81,4.1,8.3,,,22.63,,,2.9,7.8,15.43,,,62.13,24.17,38.89,1.43,1.07,9.63,,,3.47,,,35.99,55.87,34.33,61.46,32.93,15.2,46.15,1.6,0.8,50.0,34.43,,,13.93,13.03,2.3,0.1,154.83,117.53,,,75.91,73.77,69.4,94.08,200.73,185.0,92.16,49.13,28.9,58.82,59.5,41.5,,,69.75,77.47,58.97,,,76.12,1.5,0.87,57.78,18.4,16.5,89.67,6.9,16.04,4.93,10.27,19.29,,,20.0,9.57,,,1.07,1.19,,,9.63,3.17,32.87,335.77,,,267.7,79.73,40.39,100.33,17.6,37.77,44.97,72.6,34.4,27.67,10.53,173.4,83.87,48.37,4.2,1.07,25.4,23.7,6.13,25.88,0.47,0.23,50.0,24.27,2.57,10.58,3.27,0.87,26.53,2.8,0.53,19.05,0.2,0.17,83.33,11.5,3.7,32.17,3.63,5.13,19.57,2.63,7.63,13.03,55.9,21.53,38.52,1.57,1.9,12.93,5.63,43.56,62.1,37.93,61.08,32.93,14.87,45.14,2.9,1.5,51.72,35.3,11.87,15.8,2.43,0.07,121.83,82.9,68.04,50.67,46.9,92.57,112.5,96.7,85.96,45.37,21.93,48.35,45.43,27.5,60.53,60.73,39.77,65.48,,,0.53,0.17,31.25,17.6,15.13,85.98,7.77,15.92,3.49,14.3,18.6,20.06,14.03
2025,Tampa Bay Rowdies,34.0,,10.0,,,,East,,,,,,,,,,,,,,,1.43,1.14,,,10.23,,,3.63,,,35.5,403.03,335.67,83.29,49.62,103.3,21.43,37.87,44.0,72.77,35.6,26.43,,,10.73,,172.07,79.33,46.11,4.33,1.23,28.46,24.57,6.63,,,27.0,0.6,0.27,44.44,25.8,2.87,11.11,4.03,1.0,24.79,2.07,0.5,24.19,0.1,0.07,66.67,12.67,4.1,32.37,4.07,5.9,,,19.63,,,2.67,7.8,13.37,,,57.77,21.13,36.58,0.97,1.67,10.7,,,3.87,,,36.14,56.1,33.0,58.82,35.97,16.47,45.78,2.9,1.43,49.43,36.23,,,13.53,14.33,2.3,0.07,138.53,101.1,,,72.98,61.23,57.07,93.2,146.27,130.57,89.27,45.1,23.4,51.88,50.2,34.0,,,67.73,69.57,48.0,,,69.0,0.63,0.17,26.32,18.5,16.67,90.09,8.5,16.33,4.2,11.54,18.23,,,19.61,10.96,,,1.67,1.32,,,10.7,3.73,34.89,404.27,,,333.27,82.44,50.38,103.03,18.77,36.7,47.57,73.53,30.17,30.7,12.67,172.07,85.97,49.96,4.5,1.37,30.37,27.47,6.03,21.97,0.77,0.4,52.17,26.87,3.67,13.65,5.43,1.47,26.99,2.7,0.67,24.69,0.23,0.2,85.71,13.4,4.03,30.1,3.83,5.97,22.83,3.47,8.43,14.4,56.07,23.07,41.14,2.1,1.43,10.23,3.77,36.81,57.77,36.63,63.42,35.97,16.33,45.41,2.07,1.07,51.61,32.17,13.0,12.3,2.07,0.03,139.33,100.73,72.3,66.7,62.8,94.15,144.1,127.3,88.34,45.57,23.83,52.3,53.9,35.67,66.17,69.53,49.67,71.43,,,0.93,0.43,46.43,20.07,17.6,87.71,7.37,16.12,4.12,11.67,18.26,20.19,11.3
2022,Colorado Springs,55.0,,3.0,,,,West,,,,,,,,,,,,,,,1.73,1.42,,,11.95,,,4.43,,,37.1,411.08,335.81,81.69,52.16,103.68,16.43,38.51,48.73,81.84,35.49,35.65,,,10.7,,200.24,96.65,48.27,4.76,1.43,30.11,28.27,7.11,,,25.14,1.81,0.81,44.78,28.95,3.35,11.58,5.22,1.76,33.68,2.3,0.43,18.82,0.16,0.14,83.33,11.49,3.7,32.24,4.16,7.59,,,23.86,,,5.05,6.76,16.97,,,67.73,28.27,41.74,2.51,1.51,10.76,,,4.38,,,40.7,64.43,37.19,57.72,35.68,17.54,49.17,2.16,0.92,42.5,37.32,,,14.19,14.08,2.76,0.14,144.97,101.27,,,69.85,60.84,56.59,93.03,147.57,130.54,88.46,48.89,24.59,50.3,58.32,36.43,,,62.47,74.27,54.03,,,72.74,5.7,2.16,37.91,23.16,22.03,95.1,9.19,16.38,3.69,12.34,18.48,,,20.25,9.83,,,1.51,1.29,,,10.76,4.14,38.44,363.59,,,291.65,80.21,47.84,105.19,18.7,42.43,44.05,79.27,37.43,31.86,9.97,200.24,95.95,47.91,4.11,1.3,31.58,26.05,6.19,23.76,1.38,0.57,41.18,28.22,3.46,12.26,4.08,1.35,33.11,2.7,0.65,24.0,0.19,0.08,42.86,13.22,4.16,31.49,4.3,5.78,21.3,3.54,8.22,14.51,64.43,27.24,42.28,1.65,1.73,11.95,4.59,38.46,67.73,39.43,58.22,35.68,16.08,45.08,3.78,1.92,50.71,38.24,15.54,14.43,2.92,0.11,130.81,91.92,70.27,52.59,48.92,93.01,127.24,109.59,86.13,47.27,24.57,51.97,46.97,29.54,62.89,67.51,46.57,68.98,,,3.86,1.57,40.56,22.0,19.35,87.96,9.65,15.66,3.33,13.89,18.31,20.78,11.45
2022,Orange County SC,34.0,,13.0,,,,West,,,,,,,,,,,,,,,1.45,1.15,,,10.79,,,3.97,,,36.8,385.94,313.06,81.12,47.95,105.21,18.36,38.09,48.76,79.76,35.97,33.12,,,10.67,,193.88,92.09,47.5,4.88,1.27,26.09,25.45,6.67,,,26.19,0.33,0.09,27.27,24.94,3.48,13.97,3.91,1.45,37.21,3.36,0.91,27.03,0.15,0.12,80.0,14.06,4.39,31.25,4.42,4.79,,,20.7,,,2.03,9.7,12.15,,,56.85,23.24,40.88,2.06,1.76,10.15,,,4.48,,,44.18,66.58,38.85,58.35,39.09,16.58,42.4,3.52,1.61,45.69,37.09,,,14.88,15.91,2.7,0.15,137.76,95.61,,,69.4,57.09,53.64,93.95,137.48,120.06,87.33,53.52,28.18,52.66,51.73,31.33,,,60.57,69.91,48.88,,,69.92,2.36,1.03,43.59,20.21,17.88,88.46,6.97,16.56,3.78,14.28,18.49,,,20.76,11.03,,,1.76,1.23,,,10.15,4.18,41.19,415.82,,,343.06,82.5,52.05,105.3,18.15,40.39,46.76,81.27,35.88,34.64,10.76,193.88,94.33,48.66,4.12,1.06,25.74,26.12,5.55,21.23,1.21,0.61,50.0,28.09,3.24,11.54,3.94,1.18,30.0,2.88,0.7,24.21,0.21,0.18,85.71,11.67,3.45,29.61,3.36,6.12,20.42,3.79,6.52,15.0,66.58,27.73,41.65,2.12,1.45,10.79,4.03,37.36,56.85,33.61,59.12,39.09,20.03,51.24,3.55,1.61,45.3,37.7,14.79,14.03,2.67,0.18,139.61,96.24,68.94,64.36,60.48,93.97,156.61,140.73,89.86,50.85,25.61,50.36,51.27,31.58,61.58,69.09,48.61,70.35,,,4.3,1.88,43.66,22.0,19.15,87.05,7.42,16.18,3.93,12.74,18.23,20.62,10.78
2024,Hartford Athletic,44.0,,10.0,,,,East,,,,,,,,,,,,,,,1.15,1.34,,,10.06,,,3.79,,,37.72,387.53,317.26,81.87,48.96,101.41,19.41,35.85,46.15,75.47,36.12,28.71,,,10.65,,186.82,90.82,48.61,3.68,1.03,28.0,25.0,6.15,,,24.59,0.94,0.29,31.25,26.53,3.18,11.97,4.32,1.44,33.33,1.71,0.24,13.79,0.09,0.06,66.67,13.35,4.15,31.06,4.03,6.06,,,22.94,,,4.12,8.18,15.65,,,63.15,25.32,40.1,2.15,1.53,14.53,,,5.38,,,37.04,62.94,38.0,60.37,37.62,17.62,46.83,2.94,1.65,56.0,40.85,,,14.32,12.5,2.35,0.12,132.82,91.76,,,69.09,59.35,56.09,94.5,144.24,127.82,88.62,51.56,26.26,50.94,52.79,33.38,,,63.23,67.06,46.53,,,69.39,1.82,0.79,43.55,18.15,16.65,91.73,8.85,15.72,3.93,13.9,18.01,,,20.77,11.77,,,1.53,1.7,,,14.53,5.15,35.43,412.03,,,343.53,83.37,51.04,100.76,17.68,34.94,48.15,76.0,33.56,30.47,11.97,186.82,89.26,47.78,6.65,1.76,26.55,30.29,8.82,29.13,0.65,0.44,68.18,27.91,4.41,15.81,6.18,2.12,34.29,2.74,0.82,30.11,0.24,0.24,100.0,17.18,5.91,34.42,5.65,7.53,25.09,4.03,11.0,18.03,62.94,24.94,39.63,1.35,1.15,10.06,4.0,39.77,63.15,37.82,59.9,37.62,17.18,45.66,2.15,0.94,43.84,32.47,13.21,13.62,2.18,0.03,141.91,105.74,74.51,58.88,54.97,93.36,154.21,136.21,88.33,43.06,24.65,57.24,53.56,38.88,72.6,75.06,56.76,75.63,,,1.29,0.68,52.27,20.59,17.88,86.86,7.79,16.14,3.97,10.87,18.76,19.76,11.05
2023,Monterey Bay FC,41.0,,11.0,,,,West,,,,,,,,,,,,,,,1.21,1.11,,,8.67,,,3.12,,,36.01,402.61,330.64,82.12,46.54,106.0,19.82,37.79,48.39,79.42,38.45,30.39,,,10.58,,192.0,90.58,47.17,3.39,0.61,17.86,26.61,4.7,,,17.65,2.55,0.94,36.9,24.91,2.64,10.58,4.03,0.88,21.8,2.33,0.58,24.68,0.18,0.15,83.33,15.03,5.06,33.67,4.67,5.88,,,21.48,,,2.33,9.45,13.79,,,60.03,22.79,37.96,1.67,1.58,12.55,,,4.91,,,39.13,62.88,37.94,60.34,39.52,17.52,44.33,4.15,2.24,54.01,40.55,,,16.55,11.67,1.91,0.03,137.73,98.64,,,71.62,60.88,57.12,93.83,147.97,130.27,88.04,47.55,26.39,55.51,52.55,35.21,,,67.01,70.85,50.97,,,71.94,2.79,1.06,38.04,22.55,19.24,85.35,9.12,16.44,3.83,12.39,17.37,,,20.25,13.36,,,1.58,1.46,,,12.55,4.76,37.92,452.0,,,377.88,83.6,53.46,103.82,17.15,36.12,50.55,80.45,35.82,32.67,11.97,192.0,92.91,48.39,5.52,1.67,30.22,30.94,7.39,23.9,1.58,0.48,30.77,23.82,3.97,16.67,4.82,1.58,32.7,2.39,0.67,27.85,0.18,0.12,66.67,15.61,5.33,34.17,5.21,6.7,24.73,4.06,9.88,16.85,62.91,24.94,39.64,1.88,1.21,8.67,3.3,38.11,60.0,37.21,62.02,39.52,18.48,46.78,3.94,1.85,46.92,38.52,17.39,12.3,2.18,0.27,147.27,106.88,72.57,68.58,64.94,94.7,173.73,154.85,89.13,49.33,26.18,53.07,60.55,40.48,66.87,74.55,56.55,75.85,,,3.55,1.18,33.33,23.7,20.97,88.49,6.76,16.01,4.29,11.52,18.46,20.29,10.82
2024,Phoenix Rising,42.0,,8.0,,,,West,,,,,,,,,,,,,,,0.97,1.17,,,10.71,,,4.0,,,37.33,452.46,387.77,85.7,56.51,91.03,17.49,31.09,42.46,69.37,31.8,27.03,,,10.54,,175.57,86.11,49.05,4.49,1.46,32.48,27.2,6.94,,,25.53,1.11,0.51,46.15,25.37,2.83,11.15,4.54,0.83,18.24,2.26,0.51,22.78,0.14,0.11,80.0,14.74,4.17,28.29,4.43,7.14,,,24.57,,,3.0,8.89,15.34,,,68.49,27.46,40.09,2.11,1.17,10.4,,,3.97,,,38.19,58.23,36.91,63.4,26.71,12.29,45.99,2.06,1.11,54.17,33.31,,,12.34,11.17,2.77,0.09,143.46,108.57,,,75.68,68.09,64.03,94.04,182.46,167.03,91.54,43.49,24.09,55.39,55.34,39.26,,,70.93,71.6,53.91,,,75.3,2.6,1.11,42.86,19.69,18.4,93.47,8.29,15.17,4.75,9.9,18.88,,,20.45,10.7,,,1.17,1.2,,,10.4,3.77,36.26,360.63,,,299.6,83.08,43.49,89.54,17.37,31.2,40.97,67.89,31.89,25.8,10.2,175.57,83.97,47.83,4.57,1.09,23.75,25.91,6.66,25.69,0.77,0.4,51.85,24.14,2.77,11.48,4.51,1.11,24.68,2.06,0.4,19.44,0.17,0.09,50.0,13.29,4.31,32.47,4.46,6.37,21.63,3.06,8.09,14.14,58.23,21.31,36.6,2.09,0.97,10.71,4.11,38.4,68.49,41.03,59.91,26.71,12.4,46.42,3.89,1.94,50.0,36.86,13.06,11.57,2.23,0.0,123.14,90.37,73.39,53.54,50.57,94.45,131.54,116.31,88.42,39.51,20.43,51.7,49.4,34.77,70.39,64.29,47.2,73.42,,,1.57,0.54,34.55,16.11,14.74,91.49,8.63,15.71,3.88,11.25,19.79,20.23,14.57
2023,New Mexico United,46.0,,8.0,,,,West,,,,,,,,,,,,,,,1.46,1.27,,,10.57,,,4.03,,,38.11,410.94,342.69,83.39,50.42,100.2,18.17,34.74,47.29,76.03,35.46,30.09,,,10.49,,188.46,89.57,47.53,4.43,1.09,24.52,25.77,6.43,,,24.94,1.37,0.69,50.0,26.34,3.0,11.39,4.34,1.23,28.29,2.8,0.57,20.41,0.11,0.11,100.0,11.17,4.11,36.83,4.0,6.34,,,21.46,,,2.51,7.03,14.89,,,61.43,25.34,41.26,2.51,1.43,10.97,,,4.23,,,38.54,62.74,36.6,58.33,34.63,16.06,46.37,3.89,1.6,41.18,38.8,,,15.51,12.71,2.69,0.17,137.63,99.14,,,72.04,60.91,57.8,94.89,154.97,138.43,89.33,44.4,23.14,52.12,52.94,34.51,,,65.19,69.63,50.66,,,72.75,2.8,1.09,38.78,20.8,18.6,89.42,9.2,16.22,4.02,11.17,18.68,,,20.17,12.13,,,1.43,1.29,,,10.97,3.91,35.68,400.03,,,327.97,81.99,49.58,98.66,17.4,34.8,46.46,78.97,36.57,31.37,11.03,188.46,91.51,48.56,4.57,1.09,23.75,27.46,6.91,25.18,1.66,0.69,41.38,25.63,2.97,11.59,4.49,1.37,30.57,2.63,0.54,20.65,0.06,0.03,50.0,14.03,4.51,32.18,4.2,6.51,23.06,3.71,8.03,15.29,62.77,26.14,41.65,1.94,1.46,10.57,4.14,39.19,61.4,36.09,58.77,34.63,16.37,47.28,3.63,1.71,47.24,37.34,14.31,13.06,2.34,0.03,139.4,99.29,71.22,60.11,56.57,94.11,143.26,125.51,87.61,49.54,25.37,51.21,52.94,33.54,63.36,71.26,51.37,72.09,,,2.94,1.34,45.63,20.26,17.74,87.59,7.49,15.94,3.94,13.19,18.33,20.99,11.79
2025,Miami,30.0,,11.0,,,,East,,,,,,,,,,,,,,,0.97,1.2,,,10.57,,,3.73,,,35.33,369.3,299.93,81.22,48.65,106.17,21.87,39.13,45.17,75.47,36.6,28.4,,,10.47,,185.07,90.3,48.79,4.5,1.43,31.85,24.83,6.57,,,26.44,0.37,0.17,45.45,25.0,3.5,14.0,3.43,1.3,37.86,2.23,0.6,26.87,0.1,0.03,33.33,12.3,4.9,39.84,4.5,4.73,,,20.8,,,2.47,8.07,13.6,,,58.33,21.5,36.86,1.17,1.47,10.4,,,4.57,,,43.91,61.9,38.6,62.36,40.93,20.27,49.51,3.4,1.63,48.04,38.07,,,18.27,15.17,2.9,0.27,129.47,88.23,,,68.15,59.57,56.27,94.46,126.33,110.6,87.55,50.77,25.4,50.03,48.4,29.03,,,59.99,63.9,43.7,,,68.39,0.53,0.2,37.5,19.67,16.47,83.73,8.33,15.65,3.62,14.03,18.63,,,20.19,10.56,,,1.47,1.47,,,10.4,4.3,41.35,401.63,,,328.73,81.85,51.35,108.27,16.3,36.97,55.0,78.0,33.77,32.07,12.17,185.07,87.03,47.03,3.63,1.07,29.36,28.63,6.3,22.0,0.63,0.33,52.63,28.6,2.77,9.67,5.77,1.1,19.08,3.0,0.63,21.11,0.23,0.2,85.71,14.8,4.67,31.53,4.5,8.17,25.7,3.53,9.3,17.4,61.9,23.3,37.64,2.17,0.97,10.57,3.97,37.54,58.33,36.83,63.14,40.93,17.07,41.69,2.23,1.3,58.21,32.83,11.4,12.73,1.63,0.0,144.9,104.47,72.1,58.4,54.63,93.55,142.73,125.9,88.21,47.97,26.83,55.94,55.57,37.5,67.49,74.03,53.7,72.53,,,1.03,0.47,45.16,21.53,18.77,87.15,7.53,15.98,3.83,12.8,16.84,20.22,10.2
2024,FC Tulsa,38.0,,10.0,,,,West,,,,,,,,,,,,,,,0.97,1.09,,,9.97,,,3.41,,,34.22,335.24,266.56,79.51,45.55,109.24,20.21,40.38,48.65,77.56,34.88,32.32,,,10.35,,211.38,99.76,47.2,4.18,1.29,30.99,24.68,6.09,,,24.67,0.53,0.32,61.11,27.26,3.12,11.43,4.71,1.21,25.63,2.76,0.47,17.02,0.12,0.06,50.0,13.35,4.44,33.26,4.18,6.06,,,21.68,,,2.18,8.94,14.44,,,65.44,24.15,36.9,1.85,1.41,14.5,,,4.91,,,33.87,73.21,44.88,61.31,45.56,19.06,41.83,3.29,1.79,54.46,39.71,,,15.26,14.85,2.74,0.09,125.68,87.15,,,69.34,49.76,46.24,92.91,119.0,101.85,85.59,50.24,28.88,57.49,49.35,31.41,,,63.65,67.32,48.41,,,71.91,1.15,0.32,28.21,20.38,17.44,85.57,10.5,15.26,3.32,15.71,19.23,,,21.0,10.61,,,1.41,1.82,,,14.5,4.74,32.66,413.79,,,342.12,82.68,54.45,106.5,17.79,40.82,47.88,82.44,36.18,35.09,11.18,211.38,103.0,48.73,5.74,1.29,22.56,28.59,9.15,32.0,1.03,0.53,51.43,27.35,4.03,14.73,4.74,1.41,29.81,2.65,0.56,21.11,0.32,0.24,72.73,15.62,5.15,32.96,5.12,8.91,26.94,4.18,9.26,19.71,73.21,28.32,38.69,1.97,0.97,9.97,3.59,35.99,65.44,41.29,63.1,45.56,22.76,49.97,2.32,0.85,36.71,35.62,14.29,12.94,2.0,0.09,143.41,102.32,71.35,66.38,62.91,94.77,149.32,131.91,88.34,51.71,28.12,54.38,56.26,36.65,65.13,74.94,55.0,73.39,,,1.47,0.79,54.0,21.38,18.94,88.58,7.44,15.79,3.89,12.91,18.52,20.83,9.4
2024,Las Vegas Lights,50.0,,4.0,,,,West,,,,,,,,,,,,,,,1.35,1.27,,,12.24,,,4.0,,,32.67,497.0,431.86,86.89,59.94,96.3,18.59,34.89,42.81,73.46,33.51,29.59,,,10.35,,197.38,91.68,46.45,6.0,1.57,26.13,29.86,7.51,,,25.16,0.81,0.41,50.0,28.19,3.59,12.75,5.59,1.68,29.95,2.08,0.46,22.08,0.11,0.11,100.0,15.14,4.84,31.96,4.73,7.32,,,24.14,,,5.38,8.3,18.24,,,83.89,31.84,37.95,1.32,1.27,11.41,,,4.41,,,38.63,61.51,37.89,61.6,27.35,11.76,42.98,2.24,1.03,45.78,34.3,,,11.89,12.41,2.0,0.03,151.76,117.62,,,77.51,82.68,79.0,95.55,198.35,181.78,91.65,38.16,20.54,53.82,56.68,42.32,,,74.68,73.89,55.14,,,74.62,1.97,0.68,34.25,19.97,18.19,91.07,8.24,15.83,4.88,7.89,19.45,,,19.71,9.76,,,1.27,1.46,,,11.41,4.19,36.73,335.46,,,269.16,80.24,40.06,94.54,17.62,33.14,43.78,72.73,33.3,28.16,11.27,197.38,98.73,50.02,4.49,1.3,28.92,26.05,7.0,26.87,1.03,0.46,44.74,25.32,3.54,13.98,4.54,1.43,31.55,1.95,0.68,34.72,0.11,0.05,50.0,12.16,4.38,36.0,4.32,6.51,22.62,3.43,7.57,16.05,61.49,23.59,38.37,1.86,1.35,12.24,4.46,36.42,83.92,52.05,62.03,27.35,13.14,48.02,4.08,2.0,49.01,38.22,14.43,14.24,2.41,0.05,122.78,84.27,68.63,53.57,49.78,92.94,113.84,98.89,86.87,44.14,22.22,50.34,44.76,26.76,59.78,61.22,42.27,69.05,,,1.84,0.57,30.88,19.22,17.51,91.14,8.84,16.01,3.36,13.61,18.52,20.77,12.17
2023,Phoenix Rising,48.0,,6.0,,,,West,,,,,,,,,,,,,,,1.66,1.37,,,10.76,,,3.58,,,33.25,467.18,401.11,85.86,55.5,91.26,17.32,31.61,42.34,73.89,35.58,27.97,,,10.34,,187.89,91.55,48.73,4.24,0.82,19.25,26.95,6.29,,,23.34,1.76,0.82,46.27,25.03,3.18,12.72,4.45,1.29,28.99,2.29,0.42,18.39,0.13,0.08,60.0,13.92,4.39,31.57,4.39,5.95,,,24.16,,,4.32,8.97,15.89,,,69.08,29.21,42.29,2.16,1.21,11.66,,,4.42,,,37.92,62.03,36.84,59.4,27.89,13.08,46.89,2.95,1.32,44.64,35.97,,,14.16,12.32,2.68,0.08,138.82,105.11,,,75.72,69.39,65.63,94.58,195.11,176.39,90.41,44.5,24.97,56.12,51.0,35.18,,,68.99,66.63,47.55,,,71.37,3.71,1.5,40.43,17.29,16.45,95.13,8.61,15.68,4.66,10.06,18.25,,,19.92,11.3,,,1.24,1.26,,,11.66,4.24,36.34,378.61,,,316.34,83.55,44.5,91.21,16.0,30.92,44.29,71.89,32.71,27.61,11.58,187.89,88.29,46.99,5.37,1.5,27.94,27.89,6.68,23.96,1.68,0.82,48.44,25.16,3.29,13.08,4.18,1.39,33.33,2.66,0.76,28.71,0.18,0.16,85.71,13.26,3.97,29.96,3.84,6.5,21.95,3.34,8.03,14.76,62.03,25.18,40.6,1.5,1.63,10.76,3.74,34.72,69.08,39.87,57.71,27.89,11.87,42.55,4.89,2.13,43.55,37.26,13.08,11.21,1.97,0.03,130.24,97.16,74.6,56.82,53.16,93.56,136.29,120.66,88.53,41.21,22.53,54.66,48.03,33.76,70.3,63.95,47.82,74.77,,,2.66,0.84,31.68,18.89,17.16,90.81,8.61,16.03,3.87,11.44,19.52,20.1,14.56
2025,Hartford Athletic,44.0,,5.0,,,,East,,,,,,,,,,,,,,,1.47,1.48,,,9.77,,,3.7,,,37.88,327.33,255.47,78.04,45.2,108.9,18.93,38.93,51.03,75.1,34.7,30.07,,,10.33,,183.6,88.5,48.2,3.5,0.6,17.14,23.3,5.87,,,25.18,0.6,0.37,61.11,26.37,3.13,11.88,4.5,1.43,31.85,2.93,0.3,10.23,0.2,0.17,83.33,12.37,3.97,32.08,4.1,5.0,,,20.73,,,2.9,8.27,14.63,,,54.23,21.0,38.72,2.0,1.2,11.53,,,3.97,,,34.39,59.8,37.47,62.65,47.6,20.83,43.77,2.07,1.17,56.45,39.2,,,16.9,14.0,2.17,0.17,127.37,83.83,,,65.82,49.0,45.8,93.47,108.13,92.23,85.3,54.07,25.87,47.84,51.4,30.1,,,58.56,65.93,45.33,,,68.76,0.37,0.13,36.36,19.3,16.73,86.7,8.97,15.31,3.25,17.23,17.15,,,21.53,10.83,,,1.2,1.23,,,11.53,3.67,31.79,413.4,,,340.6,82.39,54.8,111.2,19.6,39.13,52.47,79.13,37.3,29.6,12.23,183.6,88.23,48.06,4.77,1.33,27.97,29.37,7.4,25.2,0.47,0.37,78.57,27.43,3.33,12.15,5.07,1.43,28.29,2.63,0.6,22.78,0.07,0.03,50.0,18.13,6.23,34.38,5.97,6.2,25.43,3.13,11.87,17.77,59.8,22.33,37.35,0.93,1.47,9.77,3.97,40.61,54.23,33.23,61.28,47.6,22.63,47.55,1.93,1.0,51.72,33.27,16.1,13.3,2.2,0.1,146.03,106.13,72.68,62.33,59.07,94.76,150.1,131.67,87.72,47.33,25.7,54.3,56.8,39.73,69.95,76.63,57.0,74.38,,,0.67,0.27,40.0,22.2,18.93,85.29,7.7,16.0,3.99,11.86,18.42,20.26,9.6
2022,Loudoun United,28.0,,11.0,,,,East,,,,,,,,,,,,,,,1.06,1.24,,,10.18,,,4.03,,,39.6,437.21,365.06,83.5,50.78,100.24,20.91,38.21,41.12,79.91,41.26,28.32,,,10.32,,204.76,98.0,47.86,4.35,1.29,29.73,24.06,5.68,,,23.59,2.38,1.06,44.44,26.21,2.88,11.0,3.44,1.06,30.77,1.94,0.38,19.7,0.18,0.09,50.0,9.06,2.59,28.57,2.56,6.21,,,19.53,,,3.85,5.12,13.62,,,73.65,29.03,39.42,1.82,2.18,14.29,,,6.09,,,42.59,72.88,43.47,59.64,28.82,13.5,46.84,4.18,1.85,44.37,44.74,,,17.09,12.09,2.47,0.15,146.47,105.38,,,71.95,68.68,64.29,93.62,160.18,143.35,89.5,51.24,27.88,54.42,51.65,33.71,,,65.26,73.97,50.12,,,67.75,5.91,2.32,39.3,18.62,16.91,90.84,9.09,16.21,4.09,12.18,18.09,,,20.08,12.33,,,2.18,1.94,,,14.29,5.85,40.95,427.21,,,353.44,82.73,49.22,101.21,14.94,32.32,53.94,80.56,32.91,33.38,14.26,204.76,100.41,49.04,5.21,1.44,27.68,35.82,9.26,25.86,2.0,0.88,44.12,24.26,3.35,13.82,5.09,1.71,33.53,2.71,0.76,28.26,0.35,0.26,75.0,17.03,6.47,38.0,5.85,8.88,28.0,6.32,8.97,22.97,72.88,29.41,40.36,2.26,1.06,10.18,4.18,41.04,73.65,44.62,60.58,28.82,13.41,46.53,3.82,1.65,43.08,36.59,11.41,12.71,2.18,0.15,145.12,106.88,73.65,64.29,59.47,92.5,156.09,138.06,88.45,46.15,24.76,53.66,59.41,40.85,68.76,76.18,58.91,77.34,,,4.44,1.74,39.07,24.15,21.97,90.99,6.76,16.46,3.9,11.16,17.44,19.93,10.6
2025,Colorado Springs,37.0,,8.0,,,,West,,,,,,,,,,,,,,,1.17,1.24,,,11.43,,,3.47,,,30.32,375.77,308.73,82.16,51.61,98.93,18.0,32.07,48.87,69.9,31.6,26.37,,,11.93,,169.8,77.53,45.66,4.87,1.13,23.29,27.7,6.6,,,23.83,0.37,0.27,72.73,28.43,3.77,13.25,5.27,1.67,31.65,2.8,0.87,30.95,0.13,0.1,75.0,13.47,4.23,31.44,4.23,5.37,,,21.8,,,4.33,8.23,15.3,,,60.73,24.9,41.0,1.37,1.43,10.37,,,3.6,,,34.73,52.5,30.27,57.65,35.27,13.77,39.04,2.4,0.93,38.89,33.87,,,13.43,13.1,2.2,0.17,129.53,91.13,,,70.36,57.83,54.13,93.6,139.87,124.9,89.3,45.83,23.23,50.69,52.23,33.43,,,64.01,63.7,45.77,,,71.85,0.47,0.2,42.86,21.5,19.43,90.39,7.9,15.17,3.73,12.56,18.79,,,20.89,11.26,,,1.43,1.2,,,10.37,3.43,33.12,358.5,,,291.7,81.37,48.39,99.1,19.53,35.37,44.2,69.53,33.77,25.4,10.37,169.8,85.23,50.2,4.2,0.93,22.22,23.33,6.3,27.0,0.67,0.33,50.0,26.13,3.43,13.14,3.8,1.1,28.95,2.1,0.5,23.81,0.0,0.0,0.0,14.43,5.0,34.64,5.23,5.47,22.6,3.67,9.8,15.9,52.5,22.23,42.35,1.87,1.17,11.43,3.63,31.78,60.73,35.83,59.0,35.27,18.27,51.8,2.53,1.33,52.63,37.37,15.93,14.87,2.37,0.0,124.67,85.93,68.93,51.9,48.53,93.51,132.33,116.77,88.24,48.13,24.9,51.73,47.63,29.57,62.07,63.47,43.9,69.17,,,0.73,0.37,50.0,20.43,17.77,86.95,9.67,15.31,3.67,14.01,17.93,20.69,12.14
2023,Loudoun United,25.0,,11.0,,,,East,,,,,,,,,,,,,,,1.06,1.12,,,10.21,,,3.91,,,38.33,419.06,348.68,83.2,50.57,100.82,20.15,36.65,44.03,80.85,39.65,31.06,,,10.15,,204.59,96.18,47.01,4.24,1.24,29.17,26.12,6.09,,,23.31,1.74,0.88,50.85,25.5,2.85,11.19,4.21,0.97,23.08,2.41,0.71,29.27,0.15,0.12,80.0,12.18,4.21,34.54,4.06,6.97,,,21.18,,,3.21,7.38,14.88,,,70.24,27.88,39.7,1.74,1.79,12.03,,,4.88,,,40.59,68.15,40.32,59.17,33.03,14.62,44.26,4.32,2.24,51.7,41.74,,,15.71,13.18,2.56,0.18,138.62,99.56,,,71.82,61.26,57.94,94.58,159.88,142.12,88.89,49.26,26.41,53.61,52.97,33.76,,,63.74,71.94,50.24,,,69.83,3.47,1.53,44.07,20.59,17.94,87.14,8.24,16.01,3.92,11.89,18.71,,,20.28,11.72,,,1.79,1.83,,,12.03,4.56,37.9,415.97,,,343.38,82.55,49.43,101.18,15.18,34.41,51.59,79.12,34.82,31.35,12.94,204.59,99.5,48.63,4.68,1.21,25.79,30.15,7.15,23.71,1.65,0.74,44.64,26.06,3.21,12.3,5.65,1.74,30.73,2.88,0.53,18.37,0.18,0.15,83.33,14.18,3.82,26.97,3.97,7.15,22.53,3.62,8.47,17.53,68.15,27.82,40.83,2.24,1.06,10.21,4.15,40.63,70.24,42.35,60.3,33.03,15.56,47.11,4.32,1.97,45.58,37.41,14.12,12.38,2.29,0.09,139.65,98.85,70.79,65.88,62.21,94.42,156.41,139.44,89.15,50.88,26.97,53.01,54.94,35.03,63.76,69.5,51.21,73.68,,,3.32,1.15,34.51,21.5,19.35,90.01,6.82,16.16,3.87,12.73,17.4,20.65,11.41
2024,Memphis 901,51.0,,3.0,,,,West,,,,,,,,,,,,,,,1.49,1.37,,,13.06,,,4.6,,,35.23,401.86,333.66,83.03,50.52,102.69,18.29,37.11,47.29,78.63,36.69,31.86,,,10.09,,193.94,90.8,46.82,5.6,1.57,28.06,27.49,8.4,,,30.56,1.2,0.71,59.52,27.2,3.46,12.71,4.49,1.34,29.94,2.06,0.46,22.22,0.09,0.09,100.0,11.26,3.8,33.76,3.77,8.34,,,23.46,,,3.94,6.63,17.31,,,63.46,24.06,37.91,2.17,1.2,10.43,,,4.09,,,39.18,64.6,38.83,60.11,35.83,15.0,41.87,3.6,2.06,57.14,38.37,,,16.71,14.06,2.86,0.26,141.23,101.09,,,71.58,63.4,59.69,94.14,143.49,128.46,89.53,50.77,26.91,53.01,55.23,35.94,,,65.08,73.46,53.34,,,72.62,2.43,1.2,49.41,20.83,18.71,89.85,7.57,16.03,3.8,13.11,19.66,,,20.84,11.02,,,1.2,1.28,,,10.43,3.91,37.53,381.54,,,309.2,81.04,49.48,103.6,17.03,37.83,48.74,79.31,37.23,31.74,10.34,193.94,94.57,48.76,3.91,1.06,27.01,25.0,5.63,22.51,0.86,0.46,53.33,28.11,3.63,12.91,5.2,1.66,31.87,3.29,0.8,24.35,0.2,0.14,71.43,13.14,4.17,31.74,3.91,7.11,23.57,3.74,7.6,15.86,64.57,25.74,39.87,2.83,1.49,13.06,4.94,37.86,63.49,39.4,62.06,35.83,17.46,48.72,2.31,1.34,58.02,34.23,12.54,13.89,2.57,0.11,138.17,95.8,69.33,53.14,49.97,94.03,139.23,123.29,88.55,49.03,24.34,49.65,52.83,32.49,61.49,65.57,45.8,69.85,,,1.43,0.49,34.0,22.14,19.63,88.65,8.34,15.38,3.63,13.8,17.55,20.9,11.85
2023,Hartford Athletic,18.0,,12.0,,,,East,,,,,,,,,,,,,,,1.18,1.19,,,9.56,,,3.47,,,36.31,402.68,336.38,83.54,49.4,95.06,17.94,32.47,44.65,71.94,35.24,26.68,,,10.03,,194.74,93.12,47.82,4.18,1.29,30.99,27.06,6.03,,,22.28,1.62,0.59,36.36,25.38,2.5,9.85,4.32,1.12,25.85,1.91,0.29,15.38,0.15,0.15,100.0,14.56,4.5,30.91,4.82,6.03,,,23.24,,,3.74,8.76,14.88,,,61.71,27.24,44.14,2.62,2.32,13.71,,,5.21,,,37.98,63.97,37.53,58.67,38.59,16.47,42.68,6.06,2.94,48.54,37.59,,,16.12,13.29,2.79,0.09,132.65,96.15,,,72.48,59.32,55.53,93.6,154.18,137.68,89.3,43.47,22.94,52.77,52.76,35.68,,,67.61,67.53,48.71,,,72.13,3.06,1.09,35.58,20.09,17.91,89.17,8.82,15.76,4.01,11.57,18.09,,,20.21,12.13,,,2.32,1.78,,,13.71,4.94,36.05,414.76,,,349.06,84.16,50.6,96.35,17.82,31.38,47.15,75.97,35.44,28.62,11.91,194.74,92.68,47.59,5.44,1.24,22.7,29.88,7.62,25.49,1.79,1.06,59.02,29.09,4.24,14.56,5.97,1.79,30.05,2.35,0.65,27.5,0.21,0.18,85.71,14.97,4.85,32.42,4.71,7.71,24.12,4.21,9.38,18.26,63.97,26.44,41.33,1.59,1.18,9.56,3.79,39.69,61.71,34.47,55.86,38.59,18.53,48.02,3.74,1.85,49.61,36.18,14.21,12.24,2.26,0.09,134.0,99.18,74.01,59.65,56.29,94.38,162.59,144.94,89.15,43.62,23.79,54.55,54.62,39.35,72.05,69.12,52.03,75.28,,,3.91,1.76,45.11,19.91,17.74,89.07,8.5,15.97,4.01,11.15,17.71,20.24,12.46
2023,Tampa Bay Rowdies,63.0,,2.0,,,,East,,,,,,,,,,,,,,,1.71,1.41,,,10.63,,,4.11,,,38.71,415.17,350.11,84.33,49.56,94.26,16.69,34.06,43.51,72.26,32.66,29.6,,,10.0,,174.46,87.74,50.29,3.86,1.03,26.67,27.06,6.06,,,22.39,1.71,0.83,48.33,26.71,3.09,11.55,4.91,1.31,26.74,2.51,0.49,19.32,0.2,0.14,71.43,11.69,4.14,35.45,3.94,6.0,,,20.8,,,4.34,6.69,14.63,,,61.46,26.37,42.91,1.8,1.2,10.77,,,3.97,,,36.87,54.57,32.54,59.63,31.54,16.89,53.53,2.57,1.37,53.33,38.43,,,14.2,11.71,1.97,0.06,133.57,97.94,,,73.33,63.11,59.91,94.93,164.49,148.26,90.13,45.51,24.63,54.11,53.66,36.69,,,68.37,71.2,53.57,,,75.24,2.43,0.71,29.41,19.03,16.77,88.14,7.63,15.83,4.14,11.6,17.33,,,21.14,13.42,,,1.2,1.26,,,10.77,3.77,35.01,429.37,,,364.49,84.89,50.44,91.91,15.69,32.4,43.83,72.89,33.51,29.09,10.29,174.46,80.0,45.86,4.66,1.54,33.13,25.91,6.86,26.46,1.51,0.74,49.06,24.09,2.8,11.63,4.66,1.0,21.47,2.0,0.51,25.71,0.11,0.09,75.0,13.14,4.11,31.3,4.2,6.94,22.06,3.11,8.54,14.89,54.57,22.03,40.37,2.34,1.71,10.63,4.37,41.13,61.46,35.09,57.09,31.54,12.0,38.04,4.63,1.91,41.36,34.31,13.37,12.74,2.23,0.06,141.43,104.97,74.22,65.74,63.0,95.83,162.57,145.6,89.56,48.46,26.49,54.66,54.34,37.03,68.14,71.83,53.43,74.38,,,3.11,1.23,39.45,19.17,17.77,92.7,7.86,16.06,4.38,11.76,18.84,20.22,11.83
2024,Oakland Roots,44.0,,7.0,,,,West,,,,,,,,,,,,,,,1.06,1.15,,,9.91,,,3.23,,,32.56,373.49,301.77,80.8,46.52,103.46,17.51,38.31,47.63,79.43,37.06,32.37,,,10.0,,195.0,92.03,47.19,4.14,0.97,23.45,26.74,6.17,,,23.08,0.89,0.49,54.84,26.46,2.8,10.58,3.91,0.86,21.9,2.6,0.71,27.47,0.14,0.09,60.0,11.83,3.4,28.74,3.54,6.06,,,21.6,,,2.46,7.6,13.57,,,62.14,22.09,35.54,2.4,1.69,11.2,,,4.57,,,40.82,67.29,40.4,60.04,35.77,16.06,44.89,2.69,1.31,48.94,37.83,,,13.2,13.4,2.66,0.17,132.69,91.14,,,68.69,58.09,54.6,94.0,133.51,117.23,87.8,53.97,27.91,51.72,54.49,34.03,,,62.45,70.77,50.09,,,70.77,1.57,0.6,38.18,19.94,17.97,90.11,8.06,15.83,3.59,15.02,19.28,,,21.02,11.61,,,1.69,1.38,,,11.2,4.49,40.05,426.71,,,354.2,83.01,53.48,104.31,18.09,37.17,49.06,79.71,36.37,32.31,11.03,195.0,94.8,48.62,4.77,1.63,34.13,28.46,6.94,24.4,1.03,0.49,47.22,27.26,3.2,11.74,5.0,1.2,24.0,1.94,0.37,19.12,0.11,0.11,100.0,15.51,4.97,32.04,4.89,7.2,24.83,4.0,9.46,17.17,67.29,26.89,39.96,1.77,1.06,9.91,3.31,33.43,62.14,40.06,64.46,35.77,16.31,45.61,2.34,1.31,56.1,36.03,14.37,14.54,2.83,0.14,148.6,109.0,73.35,66.66,63.17,94.77,154.91,135.91,87.74,51.03,27.54,53.98,57.09,38.51,67.47,75.77,55.89,73.76,,,1.43,0.6,42.0,19.29,17.49,90.67,7.71,15.78,4.12,12.43,18.69,20.05,9.56
2023,Orange County SC,57.0,,2.0,,,,West,,,,,,,,,,,,,,,1.33,1.38,,,11.36,,,4.25,,,37.41,387.75,318.22,82.07,45.73,100.08,19.86,35.25,44.97,78.03,37.08,31.17,,,9.78,,187.67,90.69,48.33,4.78,1.28,26.74,24.44,6.58,,,26.93,1.81,0.81,44.62,26.94,3.14,11.65,4.47,1.44,32.3,2.75,0.5,18.18,0.17,0.14,83.33,11.22,3.39,30.2,3.22,7.89,,,21.44,,,3.67,6.14,15.72,,,60.5,25.42,42.01,1.89,1.14,10.06,,,3.08,,,30.66,66.33,38.83,58.54,32.56,14.42,44.28,3.69,1.61,43.61,38.78,,,15.61,13.11,2.64,0.08,130.58,92.14,,,70.56,55.22,51.67,93.56,142.89,125.64,87.93,50.58,26.17,51.73,50.03,31.39,,,62.74,65.19,45.0,,,69.02,3.14,1.17,37.17,20.5,18.28,89.16,8.17,16.48,3.72,13.55,18.38,,,20.32,12.69,,,1.14,0.97,,,10.06,3.03,30.11,466.61,,,392.81,84.18,54.27,101.11,17.25,35.08,48.78,78.19,34.47,31.19,12.53,187.67,89.64,47.76,4.89,1.0,20.45,27.14,6.19,22.82,1.58,0.64,40.35,26.19,2.89,11.03,4.5,1.19,26.54,2.75,0.56,20.2,0.06,0.06,100.0,13.83,3.92,28.31,4.31,5.97,22.22,2.94,8.89,14.06,66.33,27.5,41.46,1.72,1.33,11.36,4.33,38.14,60.5,35.08,57.99,32.56,15.36,47.18,3.53,1.78,50.39,38.44,13.47,14.17,2.86,0.19,148.53,108.81,73.26,69.78,65.86,94.39,184.36,165.94,90.01,50.14,26.83,53.52,58.0,38.56,66.48,71.33,52.22,73.21,,,2.81,0.94,33.66,20.47,18.67,91.18,8.08,16.53,4.44,11.19,19.49,20.0,10.45
2022,El Paso Locomotive,46.0,,8.0,,,,West,,,,,,,,,,,,,,,1.65,1.57,,,12.44,,,5.06,,,40.66,483.21,413.24,85.52,59.23,96.91,16.79,36.59,43.53,75.5,34.76,30.97,,,9.76,,191.71,89.41,46.64,5.18,1.56,30.11,30.06,7.24,,,24.07,1.09,0.47,43.24,30.65,4.0,13.05,5.91,1.76,29.85,2.74,0.41,15.05,0.21,0.09,42.86,14.68,4.85,33.07,4.79,7.03,,,24.06,,,4.82,8.21,19.12,,,74.15,29.68,40.02,1.88,1.53,11.26,,,4.5,,,39.95,60.65,34.97,57.66,27.71,12.32,44.48,6.62,3.35,50.67,34.56,,,13.76,13.18,3.32,0.12,159.79,123.29,,,77.16,75.74,71.76,94.76,180.88,163.38,90.33,40.03,22.85,57.09,56.41,41.15,,,72.94,78.5,59.09,,,75.27,4.06,1.74,42.75,23.44,21.41,91.34,9.91,16.89,4.41,8.44,18.29,,,19.72,8.99,,,1.53,1.48,,,11.26,4.26,37.86,317.74,,,249.79,78.62,40.77,95.71,17.62,36.47,41.62,73.47,31.91,31.09,10.47,191.71,95.24,49.68,4.15,1.15,27.66,24.65,6.56,26.61,1.88,0.74,39.06,26.26,3.12,11.87,4.32,0.97,22.45,3.32,0.82,24.78,0.18,0.15,83.33,12.35,4.03,32.62,4.35,5.62,22.24,4.12,7.59,15.62,60.65,25.68,42.34,2.56,1.65,12.44,5.26,42.32,74.15,44.47,59.98,27.71,13.5,48.73,3.76,1.62,42.97,43.12,16.65,13.65,2.65,0.21,117.06,78.44,67.01,47.68,44.26,92.84,108.12,90.85,84.03,44.85,21.79,48.59,44.24,26.35,59.57,62.68,43.15,68.84,,,3.41,1.35,39.66,21.53,18.29,84.97,8.74,15.96,3.04,14.82,18.0,21.38,13.32
2025,New Mexico United,48.0,,3.0,,,,West,,,,,,,,,,,,,,,1.53,1.26,,,9.69,,,3.34,,,34.52,479.22,411.41,85.85,58.96,95.38,18.84,32.84,43.69,67.81,32.84,25.66,,,9.31,,158.81,75.41,47.48,4.13,1.06,25.76,24.19,6.31,,,26.1,0.59,0.25,42.11,26.66,2.69,10.08,3.88,0.94,24.19,1.94,0.28,14.52,0.22,0.22,100.0,10.94,3.41,31.14,3.13,8.41,,,23.59,,,4.06,6.25,15.22,,,56.13,22.97,40.92,2.13,1.28,11.19,,,4.41,,,39.39,53.91,31.09,57.68,28.0,12.88,45.98,3.16,1.5,47.52,32.5,,,13.44,14.0,2.63,0.09,151.59,113.09,,,74.6,75.63,72.28,95.58,181.0,164.47,90.87,43.5,21.47,49.35,57.09,39.31,,,68.86,67.38,47.88,,,71.06,1.69,0.53,31.48,17.56,15.78,89.86,9.69,16.52,5.09,9.32,18.88,,,19.21,9.68,,,1.28,1.47,,,11.19,4.13,36.87,303.78,,,239.31,78.78,41.04,92.5,15.84,31.88,44.78,69.16,30.5,27.34,11.31,158.81,77.63,48.88,4.31,1.28,29.71,23.59,6.91,29.27,0.63,0.25,40.0,26.41,3.41,12.9,4.88,1.5,30.77,3.0,0.75,25.0,0.19,0.16,83.33,12.44,3.69,29.65,4.0,5.97,21.75,3.63,7.66,15.88,53.91,22.81,42.32,2.16,1.53,9.69,3.5,36.13,56.13,33.16,59.08,28.0,12.66,45.2,3.75,2.03,54.17,33.78,12.38,12.38,2.28,0.13,114.66,76.59,66.8,47.44,44.72,94.27,101.28,86.84,85.75,44.81,20.28,45.26,43.84,24.47,55.81,59.44,40.66,68.4,,,1.16,0.66,56.76,17.53,15.41,87.88,7.28,15.09,3.12,15.16,18.02,21.76,16.13
2025,Birmingham Legion,27.0,,12.0,,,,East,,,,,,,,,,,,,,,1.2,1.16,,,9.4,,,3.23,,,34.4,386.07,317.0,82.11,49.44,102.6,20.43,35.83,46.33,73.67,35.9,28.03,,,9.73,,174.7,83.17,47.61,4.27,1.13,26.56,25.03,5.57,,,22.24,0.7,0.27,38.1,26.03,3.07,11.78,3.8,1.17,30.7,2.7,0.63,23.46,0.1,0.07,66.67,11.17,2.73,24.48,2.83,5.03,,,20.13,,,3.43,6.5,12.63,,,59.33,22.87,38.54,2.1,1.67,10.47,,,4.47,,,42.68,57.4,35.43,61.73,35.37,15.03,42.51,2.43,1.23,50.68,32.23,,,13.0,13.07,2.6,0.07,131.33,92.1,,,70.13,57.03,53.63,94.04,146.97,130.8,89.0,49.37,25.1,50.84,51.7,32.23,,,62.35,64.37,43.63,,,67.79,0.83,0.47,56.0,20.13,17.83,88.58,8.33,15.56,4.0,13.33,19.1,,,20.84,13.43,,,1.67,1.42,,,10.47,4.27,40.76,418.0,,,350.43,83.84,50.56,100.97,16.5,34.83,49.63,72.5,31.97,29.47,11.07,174.7,85.1,48.71,3.93,1.1,27.97,26.5,6.37,24.03,0.4,0.13,33.33,26.13,3.37,12.88,4.67,1.6,34.29,2.57,0.63,24.68,0.2,0.2,100.0,13.0,4.3,33.08,4.23,7.07,21.77,2.97,7.97,16.7,57.4,21.97,38.27,1.63,1.2,9.4,3.43,36.52,59.33,36.47,61.46,35.37,17.27,48.82,1.97,1.1,55.93,34.23,13.27,13.77,1.83,0.07,137.3,101.57,73.97,64.7,60.37,93.3,158.3,142.6,90.08,43.93,23.9,54.4,56.03,38.13,68.05,68.93,51.73,75.05,,,1.03,0.4,38.71,18.47,16.47,89.17,8.3,16.4,4.35,10.76,17.79,19.8,10.83
2023,Sacramento Republic,64.0,,1.0,,,,West,,,,,,,,,,,,,,,1.51,1.35,,,11.03,,,4.3,,,38.97,405.03,331.35,81.81,48.42,99.57,16.78,37.76,45.03,80.19,37.62,32.86,,,9.7,,198.03,98.49,49.73,4.22,0.95,22.44,25.0,6.14,,,24.54,1.62,0.59,36.67,26.05,3.65,14.0,4.68,1.49,31.79,1.97,0.43,21.92,0.14,0.11,80.0,15.16,5.35,35.29,5.27,5.76,,,23.0,,,2.62,9.97,14.89,,,60.92,26.08,42.81,2.22,0.78,10.14,,,3.59,,,35.47,69.54,42.24,60.75,36.76,18.35,49.93,5.7,2.65,46.45,39.54,,,14.11,14.0,2.32,0.08,141.27,100.41,,,71.07,60.3,56.95,94.44,150.89,132.05,87.52,46.65,24.14,51.74,50.19,32.14,,,64.03,72.3,50.84,,,70.32,3.54,1.49,41.98,19.59,18.19,92.83,8.14,16.32,3.97,12.07,17.89,,,20.5,10.82,,,0.78,1.03,,,10.14,3.35,33.07,432.16,,,361.84,83.73,51.58,102.03,16.46,36.86,48.7,79.65,35.22,33.81,10.62,198.03,91.24,46.08,4.54,1.24,27.38,26.59,6.14,23.07,1.78,0.84,46.97,26.62,2.73,10.25,3.86,1.03,26.57,2.73,0.43,15.84,0.08,0.08,100.0,11.59,3.7,31.93,3.49,6.32,22.08,3.41,6.78,13.49,69.54,27.3,39.25,1.54,1.51,11.03,4.51,40.93,60.92,34.84,57.19,36.76,15.57,42.35,4.3,2.05,47.8,39.05,13.49,13.81,2.65,0.14,143.92,102.81,71.44,61.03,57.86,94.82,167.19,151.49,90.61,46.97,23.41,49.83,55.27,34.46,62.35,68.0,49.86,73.33,,,2.89,1.08,37.38,20.76,18.76,90.36,7.76,16.36,4.15,11.57,19.4,19.87,11.55
2022,Hartford Athletic,36.0,,10.0,,,,East,,,,,,,,,,,,,,,1.38,1.32,,,10.15,,,3.97,,,39.13,430.12,361.24,83.99,48.3,98.85,22.0,34.38,42.47,75.18,38.03,27.5,,,9.65,,188.29,89.44,47.5,3.59,0.91,25.41,24.62,5.94,,,24.13,1.38,0.62,44.68,25.79,3.26,12.66,4.62,1.59,34.39,2.12,0.44,20.83,0.09,0.06,66.67,13.76,5.12,37.18,5.03,6.97,,,23.21,,,4.03,8.21,16.62,,,63.15,25.24,39.96,3.29,1.68,14.74,,,5.32,,,36.13,62.56,37.79,60.41,33.56,14.18,42.24,3.82,1.91,50.0,38.12,,,16.32,11.44,2.53,0.03,144.59,106.76,,,73.84,67.29,63.56,94.45,157.41,139.76,88.79,51.59,27.21,52.74,52.32,35.06,,,67.0,73.5,52.21,,,71.03,3.24,1.15,35.45,18.76,17.12,91.22,10.18,17.12,4.23,12.32,17.82,,,19.8,14.33,,,1.68,1.73,,,14.74,5.24,35.53,439.15,,,371.26,84.54,51.7,94.5,15.97,29.74,48.79,77.0,32.12,31.44,13.44,188.29,91.59,48.64,6.06,1.59,26.21,32.44,9.12,28.11,1.41,0.62,43.75,25.82,4.35,16.86,5.0,1.88,37.65,2.35,0.62,26.25,0.21,0.21,100.0,17.41,6.47,37.16,6.32,8.35,28.38,4.53,11.0,21.79,62.56,24.76,39.59,1.35,1.38,10.15,4.32,42.61,63.15,37.91,60.04,33.56,16.79,50.04,3.65,1.76,48.39,38.62,14.44,11.59,2.26,0.09,144.74,108.15,74.72,69.53,66.41,95.52,162.76,144.15,88.56,46.18,26.47,57.32,57.82,40.82,70.6,76.53,59.53,77.79,,,4.85,2.0,41.21,19.0,17.5,92.11,7.21,16.18,4.22,10.79,18.12,20.04,11.59
2022,FC Tulsa,42.0,,8.0,,,,East,,,,,,,,,,,,,,,1.41,1.32,,,11.85,,,4.26,,,35.98,412.94,338.29,81.92,49.49,108.29,21.94,42.09,44.26,84.18,41.65,33.0,,,9.53,,196.59,95.59,48.62,5.06,1.26,25.0,24.35,6.56,,,26.93,1.65,0.82,50.0,26.94,3.74,13.86,3.29,1.47,44.64,2.71,0.53,19.57,0.12,0.09,75.0,12.62,4.03,31.93,4.09,6.79,,,22.06,,,3.03,8.0,15.24,,,60.85,24.65,40.5,2.06,1.71,13.12,,,5.5,,,41.93,67.0,40.21,60.01,37.09,18.06,48.69,4.62,2.29,49.68,41.62,,,17.29,12.71,2.41,0.15,140.62,99.41,,,70.7,62.85,58.71,93.4,154.5,135.62,87.78,53.38,28.53,53.44,52.53,32.5,,,61.87,74.62,52.24,,,70.0,3.35,1.24,36.84,20.09,17.5,87.12,10.59,16.99,3.85,13.18,18.46,,,20.5,11.99,,,1.71,1.73,,,13.12,5.15,39.24,418.91,,,343.53,82.01,50.51,106.15,14.68,37.21,54.26,83.65,35.38,35.21,13.06,196.59,92.32,46.96,4.47,1.35,30.26,32.88,7.91,24.06,1.5,0.53,35.29,26.94,3.85,14.3,5.68,1.76,31.09,3.03,0.76,25.24,0.21,0.18,85.71,15.74,5.38,34.21,5.41,8.53,26.29,4.59,8.24,21.26,67.0,26.79,39.99,1.97,1.41,11.85,4.53,38.21,60.85,36.21,59.5,37.09,16.47,44.41,3.29,1.47,44.64,40.68,12.26,13.15,2.03,0.15,148.82,106.24,71.38,61.06,56.68,92.82,153.0,135.38,88.49,48.74,24.47,50.21,57.35,36.32,63.33,73.15,55.5,75.87,,,4.59,1.91,41.67,22.29,19.79,88.79,8.56,16.8,3.86,12.35,16.9,20.65,10.9
2024,Detroit City,56.0,,3.0,,,,East,,,,,,,,,,,,,,,1.34,1.25,,,10.23,,,3.86,,,37.71,399.89,327.23,81.83,51.44,108.03,23.03,42.83,42.17,80.94,40.51,30.91,,,9.51,,206.31,101.6,49.25,4.09,1.17,28.67,25.14,6.14,,,24.43,0.71,0.31,44.0,26.54,3.2,12.06,3.63,1.14,31.5,2.57,0.51,20.0,0.14,0.14,100.0,11.89,3.77,31.73,3.69,5.4,,,20.23,,,3.26,8.11,13.17,,,65.91,24.6,37.32,1.14,0.94,10.29,,,3.34,,,32.5,69.97,45.37,64.84,40.37,19.37,47.98,2.89,1.46,50.5,38.86,,,15.69,13.06,2.11,0.11,138.23,97.77,,,70.73,65.6,61.11,93.16,142.97,125.2,87.57,49.2,26.74,54.36,47.29,30.8,,,65.14,70.49,47.26,,,67.04,0.89,0.31,35.48,21.03,19.54,92.93,7.8,15.43,3.9,12.73,18.36,,,20.06,10.99,,,0.94,1.2,,,10.29,3.23,31.39,390.54,,,318.0,81.43,48.56,108.74,16.89,37.29,54.57,81.86,32.34,35.57,13.94,206.31,95.71,46.39,4.29,0.89,20.67,28.83,6.03,20.91,0.83,0.54,65.52,25.09,3.31,13.21,4.91,1.54,31.4,2.63,0.63,23.91,0.11,0.11,100.0,15.0,4.6,30.67,4.63,6.51,23.14,3.71,8.74,16.46,69.94,24.54,35.09,1.6,1.34,10.23,4.14,40.5,65.91,41.29,62.64,40.4,17.94,44.41,2.37,1.23,51.81,36.14,12.89,15.09,2.49,0.2,136.14,97.4,71.54,56.34,52.2,92.65,143.29,125.69,87.72,49.54,26.89,54.27,55.83,36.37,65.15,71.11,52.09,73.24,,,1.86,0.69,36.92,22.97,20.23,88.06,7.29,15.79,3.77,13.6,18.3,20.46,9.79
2024,Orange County SC,46.0,,6.0,,,,West,,,,,,,,,,,,,,,1.11,1.07,,,9.19,,,3.17,,,34.44,394.06,330.06,83.76,46.09,95.94,22.25,34.5,39.19,72.5,37.92,25.19,,,9.39,,184.61,89.75,48.62,3.53,0.97,27.56,23.14,5.58,,,24.13,0.67,0.5,75.0,25.61,2.72,10.63,3.42,1.11,32.52,2.64,0.56,21.05,0.03,0.03,100.0,12.31,4.14,33.63,4.22,5.61,,,19.61,,,3.19,7.44,13.36,,,60.58,22.72,37.51,1.72,1.28,13.36,,,4.94,,,37.01,66.97,41.61,62.13,34.0,16.78,49.35,2.78,1.28,46.0,37.25,,,15.81,12.25,2.58,0.08,132.0,96.56,,,73.15,64.36,60.97,94.73,146.08,130.42,89.28,47.92,25.75,53.74,48.31,31.86,,,65.96,66.14,44.56,,,67.37,1.31,0.64,48.94,18.53,16.22,87.56,8.61,16.24,3.98,12.61,17.77,,,20.3,15.56,,,1.28,1.44,,,13.36,4.72,35.34,462.92,,,394.81,85.29,53.91,95.25,15.33,29.58,50.33,73.19,30.14,28.67,14.39,184.61,88.58,47.98,5.75,1.67,28.99,33.08,8.72,26.36,0.67,0.36,54.17,25.86,3.72,14.39,5.08,1.5,29.51,2.44,0.89,36.36,0.17,0.17,100.0,16.28,5.64,34.64,5.39,7.94,25.97,3.94,9.86,18.11,66.97,25.36,37.87,1.78,1.11,9.19,3.33,36.25,60.58,37.86,62.49,34.0,14.58,42.89,3.17,1.47,46.49,33.69,12.47,13.83,2.31,0.14,147.78,110.69,74.91,70.97,67.36,94.91,186.56,169.19,90.69,50.11,27.58,55.04,61.58,43.61,70.82,75.03,57.58,76.75,,,1.31,0.64,48.94,20.92,19.53,93.36,7.72,16.48,4.64,11.07,19.05,20.56,10.37
2025,San Antonio,40.0,,6.0,,,,West,,,,,,,,,,,,,,,1.26,1.22,,,10.61,,,3.77,,,35.56,385.29,319.81,83.0,53.33,94.35,16.68,33.68,44.0,66.87,30.55,26.58,,,9.74,,162.77,78.68,48.34,4.87,1.13,23.18,22.94,5.58,,,24.33,0.35,0.26,72.73,28.32,4.0,14.12,4.1,1.39,33.86,2.77,0.84,30.23,0.23,0.23,100.0,14.0,4.97,35.48,4.87,5.29,,,21.19,,,2.77,9.0,14.0,,,55.58,23.61,42.48,1.23,1.29,9.84,,,3.77,,,38.36,56.45,31.94,56.57,28.45,13.35,46.94,4.0,1.65,41.13,32.32,,,11.87,15.87,3.03,0.16,130.58,93.71,,,71.76,58.32,55.0,94.3,151.32,135.35,89.45,49.74,27.03,54.35,46.55,28.97,,,62.23,67.68,48.74,,,72.02,0.45,0.1,21.43,19.0,17.58,92.53,7.42,15.2,4.02,13.37,19.66,,,21.38,8.66,,,1.29,1.24,,,9.84,3.55,36.07,344.42,,,281.06,81.61,46.67,90.48,17.23,32.94,40.32,67.26,30.26,26.39,10.61,162.77,77.65,47.7,4.42,1.32,29.93,22.77,6.19,27.2,0.77,0.32,41.67,27.35,2.81,10.26,3.58,1.16,32.43,2.61,0.45,17.28,0.16,0.16,100.0,11.42,3.45,30.23,3.32,5.32,19.39,3.52,6.32,13.97,56.45,24.52,43.43,2.39,1.26,10.61,3.84,36.17,55.55,31.94,57.49,28.48,12.39,43.49,2.42,1.19,49.33,34.52,12.94,15.32,3.1,0.16,117.94,83.1,70.46,53.1,49.35,92.95,124.48,109.87,88.26,40.87,20.45,50.04,43.71,27.58,63.1,57.81,39.06,67.58,,,1.23,0.35,28.95,18.19,15.48,85.11,8.0,15.7,3.64,12.22,18.87,20.27,11.17
2025,Orange County SC,39.0,,7.0,,,,West,,,,,,,,,,,,,,,1.41,1.28,,,10.75,,,3.72,,,34.59,394.28,331.53,84.08,49.45,96.19,19.25,33.63,43.31,67.16,32.72,25.16,,,9.28,,171.25,82.75,48.32,4.53,1.13,24.83,23.69,6.31,,,26.65,0.44,0.28,64.29,27.28,3.72,13.63,4.41,1.34,30.5,2.41,0.84,35.06,0.16,0.13,80.0,12.84,4.63,36.01,4.31,5.72,,,20.78,,,3.22,7.88,13.84,,,56.78,24.97,43.97,1.63,1.47,11.94,,,4.22,,,35.34,59.0,35.16,59.59,35.25,14.28,40.51,2.72,1.44,52.87,33.78,,,14.59,12.63,2.25,0.13,132.47,96.06,,,72.52,59.34,56.13,94.58,149.28,135.19,90.56,45.41,24.44,53.82,48.13,32.09,,,66.69,64.81,46.5,,,71.75,0.5,0.25,50.0,16.66,15.03,90.24,8.44,15.68,4.21,12.29,18.09,,,20.61,13.05,,,1.47,1.32,,,11.94,4.03,33.77,401.31,,,339.22,84.53,50.55,95.06,17.41,30.72,46.94,69.38,30.91,26.59,11.88,171.25,81.5,47.59,5.28,1.31,24.85,27.16,6.69,24.63,0.41,0.34,84.62,26.0,4.16,15.99,5.47,1.56,28.57,2.75,0.94,34.09,0.13,0.13,100.0,16.09,5.09,31.65,5.16,6.84,22.5,3.13,10.06,16.72,58.97,23.81,40.38,1.25,1.41,10.75,3.94,36.63,56.81,31.81,56.0,35.25,17.13,48.58,2.44,1.16,47.44,32.06,13.94,15.03,2.97,0.19,134.94,101.34,75.1,65.31,62.25,95.31,144.06,127.47,88.48,41.84,23.56,56.31,52.63,38.0,72.21,67.19,49.5,73.67,,,0.38,0.13,33.33,16.44,14.75,89.73,7.06,15.7,4.27,11.04,18.79,19.78,11.67
2022,Atlanta United II,23.0,,13.0,,,,East,,,,,,,,,,,,,,,1.15,1.11,,,9.71,,,3.41,,,35.15,407.79,335.53,82.28,49.82,105.38,24.32,38.82,42.24,77.79,40.65,27.91,,,9.24,,201.12,96.24,47.85,3.85,0.88,22.9,22.5,5.5,,,24.44,1.47,0.71,48.0,27.44,2.97,10.83,3.15,0.74,23.36,1.97,0.62,31.34,0.06,0.06,100.0,12.68,4.79,37.82,4.74,4.79,,,20.32,,,3.15,8.21,13.47,,,67.12,28.41,42.33,1.82,2.5,17.82,,,7.56,,,42.41,72.24,41.03,56.8,32.41,14.5,44.74,4.32,1.85,42.86,43.15,,,17.74,12.15,2.26,0.21,142.79,100.62,,,70.46,58.65,55.15,94.03,146.06,128.79,88.18,46.59,22.68,48.67,42.21,24.88,,,58.95,65.82,41.38,,,62.87,4.09,1.53,37.41,21.06,18.74,88.97,10.91,15.91,3.75,11.79,18.6,,,19.77,10.97,,,2.5,2.39,,,17.82,7.15,40.1,428.15,,,356.44,83.25,50.18,100.59,15.24,33.79,51.56,83.88,33.18,34.0,16.71,201.12,97.68,48.57,6.71,1.91,28.51,37.09,11.59,31.25,1.76,0.85,48.33,26.41,4.53,17.15,5.88,2.03,34.5,2.71,0.59,21.74,0.26,0.15,55.56,16.59,5.85,35.28,5.91,11.21,30.53,6.24,9.12,26.59,72.24,31.21,43.2,1.56,1.15,9.71,3.53,36.36,67.12,38.71,57.67,32.41,15.65,48.28,3.97,1.74,43.7,36.38,13.65,13.24,2.18,0.15,142.85,105.62,73.93,68.06,64.41,94.64,154.71,136.18,88.02,47.35,26.68,56.34,60.44,42.85,70.9,80.62,63.29,78.51,,,5.24,2.21,42.13,21.94,19.74,89.95,7.97,16.66,3.89,11.35,17.27,19.9,10.51
2025,Monterey Bay FC,29.0,,11.0,,,,West,,,,,,,,,,,,,,,0.9,1.21,,,9.5,,,3.33,,,35.09,363.3,297.13,81.79,47.09,101.17,19.93,37.4,43.83,73.13,36.73,27.2,,,9.2,,185.03,88.93,48.06,3.73,1.1,29.46,23.93,5.8,,,24.23,0.5,0.4,80.0,26.27,2.83,10.79,4.5,0.97,21.48,2.97,0.67,22.47,0.1,0.07,66.67,14.43,4.97,34.41,4.97,6.03,,,20.97,,,3.43,8.7,15.67,,,59.27,23.13,39.03,1.9,1.5,10.17,,,4.5,,,44.26,61.83,37.97,61.4,37.87,16.3,43.05,3.13,1.67,53.19,36.97,,,16.13,15.23,2.3,0.03,137.17,99.07,,,72.22,58.27,54.63,93.76,119.47,104.13,87.17,48.53,26.6,54.81,46.33,30.33,,,65.47,68.77,48.07,,,69.9,0.33,0.13,40.0,19.63,17.4,88.62,7.5,16.01,3.67,13.58,18.24,,,20.53,11.0,,,1.5,1.34,,,10.17,4.33,42.62,392.7,,,325.4,82.86,52.91,102.1,17.13,33.37,51.6,70.6,30.8,29.07,10.73,185.03,88.9,48.05,4.07,1.37,33.61,27.0,6.17,22.84,0.33,0.13,40.0,28.97,3.3,11.39,5.1,1.43,28.1,2.3,0.6,26.09,0.1,0.1,100.0,13.63,4.57,33.5,4.57,7.1,22.63,3.37,7.9,16.27,61.87,23.87,38.58,1.23,0.9,9.5,3.43,36.14,59.3,36.13,60.93,37.8,18.33,48.5,2.4,1.23,51.39,31.57,14.87,14.27,2.27,0.17,132.1,94.57,71.59,61.2,58.07,94.88,144.33,129.2,89.52,43.43,22.97,52.88,53.17,34.73,65.33,68.73,51.77,75.32,,,0.83,0.3,36.0,21.87,19.57,89.48,8.17,15.22,3.92,11.44,17.63,20.03,10.44
2025,North Carolina FC,45.0,,3.0,,,,East,,,,,,,,,,,,,,,1.28,1.08,,,9.69,,,3.31,,,34.19,344.09,277.84,80.75,44.88,106.47,21.13,39.97,45.38,70.38,32.44,28.94,,,9.0,,169.53,77.97,45.99,4.16,1.03,24.81,22.56,6.19,,,27.42,1.03,0.53,51.52,26.84,2.34,8.73,4.03,0.91,22.48,3.16,0.53,16.83,0.03,0.03,100.0,10.28,3.38,32.83,3.47,3.75,,,17.81,,,3.13,6.53,12.78,,,53.63,21.19,39.51,1.41,1.28,12.25,,,3.97,,,32.4,52.75,30.72,58.23,40.53,17.5,43.18,2.16,1.22,56.52,37.16,,,15.31,12.63,2.22,0.0,121.28,82.03,,,67.64,52.53,49.22,93.69,123.88,110.38,89.1,40.63,20.56,50.62,44.06,27.66,,,62.77,62.53,41.81,,,66.87,0.56,0.41,72.22,20.06,16.63,82.87,8.63,15.65,3.5,12.41,18.5,,,20.2,14.06,,,1.28,1.42,,,12.25,3.72,30.36,436.16,,,363.31,83.3,55.12,101.97,16.38,36.69,48.91,74.53,31.41,31.59,11.53,169.53,83.94,49.51,5.38,1.19,22.09,26.84,7.78,28.99,0.47,0.16,33.33,24.69,3.75,15.19,4.47,1.59,35.66,2.34,0.59,25.33,0.13,0.13,100.0,14.72,5.72,38.85,5.47,5.38,23.66,3.28,9.41,15.88,52.75,22.03,41.77,2.66,1.28,9.69,3.63,37.42,53.63,32.44,60.49,40.53,19.0,46.88,2.63,1.31,50.0,34.56,15.59,13.03,2.16,0.06,145.25,103.41,71.19,63.69,60.19,94.5,168.41,151.19,89.78,51.81,25.81,49.82,60.59,39.34,64.93,72.66,53.88,74.15,,,0.81,0.31,38.46,18.44,16.81,91.19,7.13,16.09,4.49,12.49,18.53,20.28,10.23
2025,Phoenix Rising,40.0,,5.0,,,,West,,,,,,,,,,,,,,,1.53,1.2,,,9.22,,,3.34,,,36.27,399.69,334.09,83.59,51.35,96.22,19.03,35.78,41.41,67.63,33.13,26.03,,,8.47,,174.72,86.28,49.38,3.41,0.94,27.52,23.38,5.78,,,24.73,0.63,0.31,50.0,27.06,2.66,9.82,3.78,1.25,33.06,2.44,0.5,20.51,0.13,0.13,100.0,11.53,3.44,29.81,3.31,6.25,,,21.03,,,3.59,6.38,14.5,,,63.13,25.38,40.2,2.41,1.53,11.94,,,4.0,,,33.51,59.59,35.38,59.36,30.63,16.72,54.59,2.16,1.03,47.83,35.16,,,14.38,14.63,2.47,0.19,137.38,99.44,,,72.38,61.13,57.53,94.12,145.5,131.06,90.08,41.44,20.25,48.87,48.59,31.16,,,64.12,64.63,44.69,,,69.15,1.16,0.44,37.84,20.38,17.75,87.12,8.97,15.71,4.07,10.97,17.56,,,20.16,10.59,,,1.53,1.31,,,11.94,3.84,32.2,375.66,,,310.56,82.67,48.65,96.53,16.13,33.22,47.19,68.44,30.41,27.34,10.69,174.72,82.5,47.22,4.72,0.97,20.53,25.91,7.41,28.59,0.5,0.22,43.75,29.13,3.81,13.09,5.53,1.78,32.2,2.5,0.75,30.0,0.09,0.06,66.67,16.44,5.5,33.46,5.53,6.72,23.97,3.63,10.09,17.69,59.56,24.19,40.61,1.72,1.53,9.22,3.47,37.63,63.13,37.75,59.8,30.66,11.69,38.12,2.81,1.34,47.78,31.91,13.22,13.5,2.25,0.22,126.63,91.63,72.36,57.06,53.91,94.47,142.53,125.5,88.05,44.22,23.63,53.43,50.0,33.34,66.69,67.19,49.56,73.77,,,0.69,0.25,36.36,19.19,17.25,89.9,7.84,15.58,3.8,12.18,18.06,20.65,12.63
2022,LA Galaxy II,40.0,,11.0,,,,West,,,,,,,,,,,,,,,1.56,1.59,,,11.59,,,4.44,,,38.32,445.38,379.65,85.24,52.24,91.38,20.35,35.32,35.71,69.97,35.32,25.82,,,8.82,,177.71,87.06,48.99,4.29,1.21,28.08,22.74,6.26,,,27.55,2.41,1.12,46.34,27.68,3.38,12.22,4.35,1.21,27.7,1.76,0.24,13.33,0.18,0.15,83.33,12.21,3.79,31.08,3.82,6.71,,,21.26,,,4.0,7.29,15.88,,,61.12,27.56,45.09,1.62,1.85,13.53,,,5.44,,,40.22,66.12,37.12,56.14,22.29,10.44,46.83,2.74,0.94,34.41,39.5,,,16.97,12.59,2.85,0.24,139.79,102.47,,,73.3,65.97,62.0,93.98,184.0,168.41,91.53,40.38,21.18,52.44,45.91,31.12,,,67.78,69.91,48.5,,,69.37,4.09,1.82,44.6,18.32,16.71,91.17,8.65,16.5,4.44,9.46,17.79,,,20.13,12.73,,,1.85,1.7,,,13.53,5.12,37.83,405.18,,,340.47,84.03,47.76,90.12,14.12,30.12,45.88,71.06,28.82,28.94,13.29,177.71,84.32,47.45,5.15,1.65,32.0,30.65,8.15,26.58,1.29,0.68,52.27,25.94,4.09,15.76,5.74,1.94,33.85,2.53,0.5,19.77,0.18,0.12,66.67,15.82,5.56,35.13,5.38,7.18,24.44,4.18,9.91,20.15,66.12,29.0,43.86,2.38,1.56,11.59,4.65,40.1,61.12,33.56,54.91,22.29,10.0,44.85,4.18,1.41,33.8,35.32,12.65,13.24,2.68,0.24,132.29,98.82,74.7,61.35,57.62,93.91,155.24,137.53,88.59,40.79,22.53,55.23,52.68,36.29,68.9,66.76,50.88,76.21,,,4.18,1.59,38.03,21.71,19.91,91.73,7.97,16.57,4.0,10.27,17.46,19.96,12.41
2024,El Paso Locomotive,32.0,,12.0,,,,West,,,,,,,,,,,,,,,0.79,1.23,,,10.82,,,4.29,,,39.67,423.71,355.88,83.99,52.22,100.56,20.59,39.0,40.97,72.65,37.29,26.56,,,8.79,,186.44,88.47,47.45,5.24,1.47,28.09,24.15,6.5,,,26.92,0.85,0.41,48.28,29.24,3.15,10.76,4.5,1.26,28.1,2.21,0.47,21.33,0.21,0.15,71.43,10.74,3.03,28.22,3.06,6.38,,,19.53,,,3.47,5.79,14.41,,,67.79,27.21,40.13,2.03,1.35,12.65,,,4.59,,,36.28,62.97,37.68,59.83,28.97,13.03,44.97,3.91,1.65,42.11,40.15,,,15.0,12.18,3.03,0.18,141.38,102.91,,,72.79,66.56,62.76,94.3,157.65,142.21,90.21,45.85,24.15,52.66,49.12,31.76,,,64.67,69.5,47.65,,,68.56,1.74,0.68,38.98,21.74,19.35,89.04,10.65,16.26,4.04,11.24,20.15,,,20.21,11.96,,,1.35,1.46,,,12.65,4.38,34.65,385.0,,,314.74,81.75,47.78,96.41,15.15,32.26,49.0,75.82,31.0,32.5,12.32,186.44,90.62,48.6,4.68,1.26,27.04,31.26,7.94,25.4,0.97,0.47,48.48,25.03,3.62,14.45,4.82,1.56,32.32,3.0,0.82,27.45,0.12,0.12,100.0,15.03,5.41,36.01,5.56,7.18,25.74,4.12,9.03,18.32,62.97,25.29,40.17,2.26,0.79,10.82,4.47,41.3,67.79,40.59,59.87,28.97,13.65,47.11,2.97,1.5,50.5,36.5,12.88,13.59,2.74,0.06,137.56,98.24,71.41,59.41,56.09,94.41,134.65,117.97,87.61,42.65,22.41,52.55,53.88,35.24,65.39,70.47,52.24,74.12,,,2.59,0.97,37.5,22.88,20.06,87.66,7.76,16.07,3.72,11.74,17.94,20.48,10.68
2025,Oakland Roots,32.0,,10.0,,,,West,,,,,,,,,,,,,,,1.4,1.09,,,8.9,,,3.03,,,34.08,401.33,328.77,81.92,48.97,108.5,21.47,40.83,46.2,77.17,34.63,32.33,,,10.2,,181.13,85.0,46.93,3.8,0.73,19.3,23.93,5.37,,,22.42,0.47,0.2,42.86,26.3,2.7,10.27,3.57,0.9,25.23,3.0,0.63,21.11,0.2,0.2,100.0,13.53,3.8,28.08,3.93,5.9,,,21.3,,,2.63,8.27,13.83,,,58.7,22.27,37.93,1.77,1.73,11.07,,,4.47,,,40.36,61.83,35.77,57.84,35.4,16.13,45.57,3.17,1.4,44.21,38.73,,,16.47,15.63,2.37,0.03,138.77,98.6,,,71.05,62.43,59.23,94.87,139.23,120.67,86.67,45.73,21.6,47.23,51.43,32.6,,,63.38,66.23,45.33,,,68.44,0.73,0.43,59.09,19.97,17.57,87.98,7.8,16.6,3.99,11.81,18.54,,,19.61,10.68,,,1.73,1.33,,,11.07,4.3,38.86,409.27,,,336.4,82.2,51.03,107.03,16.87,40.33,49.83,77.93,32.57,34.0,11.37,181.13,88.87,49.06,3.97,1.13,28.57,26.67,6.57,24.63,0.47,0.3,64.29,28.27,3.5,12.38,4.93,1.67,33.78,2.77,0.77,27.71,0.17,0.17,100.0,15.67,5.4,34.47,5.27,5.8,24.4,4.2,10.03,16.67,61.83,26.07,42.16,1.8,1.4,8.9,3.27,36.7,58.7,36.43,62.07,35.4,16.27,45.95,3.67,1.8,49.09,36.93,13.57,14.47,2.83,0.13,143.03,103.33,72.24,65.5,61.53,93.94,144.5,126.63,87.64,48.2,25.67,53.25,53.2,35.47,66.67,74.63,54.13,72.53,,,1.0,0.37,36.67,20.17,17.97,89.09,7.17,16.19,3.97,12.43,17.69,20.43,10.42
2022,Las Vegas Lights,45.0,,9.0,,,,West,,,,,,,,,,,,,,,1.18,1.02,,,9.0,,,3.42,,,38.05,398.73,328.21,82.31,47.35,102.91,24.42,40.24,38.24,74.88,41.0,25.67,,,8.21,,192.58,94.15,48.89,3.94,1.21,30.77,22.45,4.82,,,21.46,1.67,0.88,52.73,27.36,3.0,10.96,4.03,1.15,28.57,1.67,0.45,27.27,0.03,0.03,100.0,9.15,2.27,24.83,2.3,5.03,,,18.21,,,4.15,5.09,12.39,,,69.09,28.33,41.01,2.21,1.48,13.82,,,4.73,,,34.21,68.21,42.12,61.75,29.52,12.33,41.79,4.55,2.52,55.33,42.45,,,18.76,10.18,2.15,0.09,133.48,93.09,,,69.74,61.58,57.33,93.11,146.76,130.39,88.85,45.09,21.61,47.92,45.39,27.64,,,60.88,66.27,42.58,,,64.24,3.76,1.24,33.06,23.3,20.09,86.22,11.55,16.13,3.66,11.75,19.4,,,20.29,18.16,,,1.48,1.62,,,13.82,4.42,32.02,462.48,,,387.94,83.88,52.65,99.58,13.27,29.48,56.82,79.52,29.82,35.27,14.42,192.58,92.33,47.95,5.15,1.24,24.12,37.45,8.61,22.98,0.91,0.3,33.33,25.33,4.24,16.75,7.21,2.09,28.99,2.48,0.76,30.49,0.09,0.06,66.67,19.33,6.27,32.45,6.06,8.52,29.91,4.58,11.42,21.73,68.24,26.09,38.23,1.18,1.18,9.0,3.67,40.74,69.06,40.73,58.97,29.52,15.36,52.05,4.36,2.39,54.86,33.18,11.42,12.39,2.12,0.09,154.33,116.42,75.44,70.0,65.45,93.51,176.88,156.73,88.61,44.94,24.3,54.08,64.21,45.82,71.35,81.03,65.3,80.59,,,4.27,1.73,40.43,25.48,23.42,91.91,6.79,16.63,4.18,10.42,18.05,20.43,10.16
2023,FC Tulsa,39.0,,10.0,,,,East,,,,,,,,,,,,,,,1.26,1.29,,,10.0,,,3.68,,,36.76,441.21,368.21,83.45,51.06,104.5,22.62,43.76,38.12,80.26,42.21,30.18,,,7.88,,204.15,99.53,48.75,3.82,0.88,23.08,22.03,6.21,,,28.17,1.5,0.53,35.29,27.26,2.68,9.82,3.47,1.35,38.98,2.26,0.47,20.78,0.21,0.21,100.0,9.94,3.26,32.84,2.97,6.0,,,18.97,,,4.06,5.82,14.41,,,63.85,25.15,39.38,1.5,1.62,13.62,,,4.82,,,35.42,72.0,44.85,62.3,35.29,15.53,44.0,5.41,2.47,45.65,39.59,,,16.56,13.85,2.85,0.03,153.0,112.06,,,73.24,67.91,63.65,93.72,159.91,143.5,89.74,47.44,26.26,55.36,46.94,30.65,,,65.29,72.47,48.59,,,67.05,3.5,1.15,32.77,19.97,18.29,91.61,9.12,16.98,4.16,11.15,18.14,,,19.64,10.94,,,1.62,1.74,,,13.62,4.62,33.91,407.12,,,339.71,83.44,48.94,100.68,13.56,35.29,51.82,83.41,30.03,37.88,15.5,204.15,96.24,47.14,5.35,1.65,30.77,32.82,8.35,25.45,1.21,0.71,58.54,25.41,3.76,14.81,4.68,1.56,33.33,2.85,0.85,29.9,0.18,0.09,50.0,16.29,6.59,40.43,6.26,8.62,27.12,5.03,9.26,21.59,72.0,27.15,37.7,1.68,1.26,10.0,3.76,37.65,63.85,38.71,60.62,35.29,16.94,48.0,3.53,1.53,43.33,37.35,11.62,14.62,2.74,0.12,135.65,100.18,73.85,63.03,59.21,93.93,148.41,131.79,88.8,46.62,25.03,53.69,55.47,36.71,66.17,70.82,55.62,78.53,,,3.35,1.35,40.35,22.15,19.35,87.38,7.29,16.38,3.84,11.99,17.66,20.21,10.41
2023,El Paso Locomotive,47.0,,7.0,,,,West,,,,,,,,,,,,,,,1.17,1.12,,,11.2,,,3.86,,,34.44,422.31,361.2,85.53,50.52,92.83,18.91,38.51,35.4,65.97,36.74,21.74,,,7.49,,172.11,79.06,45.93,5.43,1.6,29.47,20.43,5.97,,,29.23,1.54,0.83,53.7,28.89,3.63,12.56,4.29,1.29,30.0,2.26,0.4,17.72,0.11,0.09,75.0,10.43,3.31,31.78,3.03,4.54,,,17.63,,,3.89,6.03,13.4,,,65.49,26.89,41.06,0.83,1.49,11.37,,,4.63,,,40.7,56.11,31.37,55.91,24.77,9.91,40.02,6.26,3.2,51.14,35.8,,,14.09,13.17,2.86,0.03,134.37,101.11,,,75.25,70.54,66.91,94.86,155.23,140.71,90.65,46.91,25.46,54.26,40.71,26.97,,,66.25,63.89,43.26,,,67.71,2.2,1.2,54.55,19.6,17.51,89.36,9.11,16.24,4.27,11.48,20.52,,,20.0,13.99,,,1.49,1.37,,,11.37,4.29,37.69,419.0,,,351.03,83.78,49.48,86.94,13.2,26.0,47.74,69.83,28.14,31.54,10.14,172.11,85.71,49.8,4.74,1.43,30.12,28.66,6.89,24.03,1.17,0.43,36.59,25.17,3.31,13.17,4.54,1.46,32.08,2.91,0.63,21.57,0.2,0.11,57.14,15.4,5.0,32.47,4.97,5.89,24.57,3.06,9.34,16.69,56.11,24.74,44.09,2.77,1.17,11.2,4.03,35.97,65.49,38.6,58.94,24.77,11.91,48.1,3.63,1.91,52.76,33.31,11.97,14.66,2.09,0.06,131.89,95.66,72.53,59.74,56.49,94.55,168.89,150.6,89.17,43.94,22.6,51.43,58.83,38.03,64.64,66.03,50.91,77.11,,,3.86,1.31,34.07,19.51,17.97,92.09,7.83,16.33,4.29,11.11,18.62,20.82,11.12
2025,Las Vegas Lights,27.0,,12.0,,,,West,,,,,,,,,,,,,,,0.77,0.82,,,8.77,,,2.97,,,33.84,365.23,301.83,82.64,47.75,91.07,18.5,34.63,37.93,65.27,32.97,25.33,,,6.97,,170.97,81.63,47.75,4.4,1.17,26.52,21.8,5.3,,,24.31,0.63,0.4,63.16,24.4,2.73,11.2,3.73,1.17,31.25,2.53,0.53,21.05,0.1,0.07,66.67,11.13,3.33,29.94,3.83,3.23,,,18.17,,,2.3,7.53,10.23,,,56.93,23.03,40.46,2.27,1.67,12.37,,,4.63,,,37.47,63.83,36.87,57.75,27.73,11.97,43.15,2.23,1.1,49.25,34.97,,,13.63,14.37,2.7,0.1,122.83,86.73,,,70.61,59.3,55.1,92.92,136.93,122.17,89.22,46.1,24.2,52.49,45.27,28.63,,,63.25,65.5,43.77,,,66.82,0.97,0.27,27.59,18.4,17.0,92.39,8.07,15.53,3.89,12.81,20.8,,,20.91,12.65,,,1.67,1.63,,,12.37,4.37,35.31,417.57,,,355.83,85.22,52.25,93.83,13.73,31.57,48.53,66.47,26.37,27.83,12.27,170.97,83.23,48.68,4.83,1.3,26.9,27.93,6.73,24.11,0.7,0.47,66.67,27.7,4.3,15.52,5.0,1.33,26.67,2.7,1.0,37.04,0.23,0.13,57.14,14.8,5.07,34.23,4.33,8.43,24.43,3.6,9.03,18.9,63.83,26.97,42.25,0.83,0.77,8.77,3.1,35.36,56.93,33.9,59.54,27.73,13.6,49.04,2.63,1.13,43.04,33.17,12.33,13.67,2.1,0.03,138.17,105.9,76.65,69.43,65.1,93.76,149.47,134.6,90.05,38.3,20.87,54.48,51.8,36.8,71.04,66.37,52.63,79.31,,,0.8,0.4,50.0,19.87,18.17,91.44,7.47,16.01,4.32,9.71,18.07,19.82,10.01
2024,Miami,11.0,,12.0,,,,East,,,,,,,,,,,,,,,0.79,0.91,,,8.64,,,2.91,,,33.68,359.21,296.79,82.62,44.7,90.58,22.0,34.97,33.61,66.7,36.64,23.64,,,6.42,,172.97,82.61,47.76,4.45,1.27,28.57,17.79,5.21,,,29.3,0.64,0.3,47.62,25.36,2.79,10.99,3.3,1.03,31.19,1.58,0.39,25.0,0.03,0.03,100.0,9.27,2.64,28.43,2.73,2.61,,,14.61,,,2.61,6.03,8.45,,,58.91,23.52,39.92,1.85,2.67,16.52,,,6.94,,,42.02,66.15,38.7,58.5,25.39,10.94,43.08,4.03,1.79,44.36,38.06,,,13.64,13.61,2.79,0.18,124.48,85.7,,,68.84,55.85,52.7,94.36,136.52,123.21,90.26,42.76,20.76,48.55,39.48,23.55,,,59.63,60.33,37.55,,,62.23,1.55,0.42,27.45,15.27,13.52,88.49,9.7,15.6,3.93,12.19,20.65,,,20.75,14.52,,,2.67,2.33,,,16.52,6.58,39.82,463.73,,,400.82,86.43,55.3,88.73,11.76,29.7,47.27,70.55,26.06,30.61,13.88,172.97,85.03,49.16,6.42,1.58,24.53,34.12,10.27,30.11,1.24,0.79,63.41,27.55,4.45,16.17,6.33,1.61,25.36,2.76,0.48,17.58,0.36,0.27,75.0,17.73,6.21,35.04,5.79,10.0,29.42,5.33,10.18,23.97,66.15,27.45,41.5,1.3,0.79,8.64,3.06,35.44,58.91,35.39,60.08,25.39,12.33,48.57,1.91,1.09,57.14,31.7,8.52,12.27,2.03,0.06,147.27,115.94,78.72,72.94,69.33,95.06,182.52,165.67,90.77,38.06,22.36,58.76,62.33,48.94,78.51,76.61,62.88,82.08,,,1.67,0.91,54.55,18.12,16.48,90.97,6.58,16.14,4.84,8.67,18.0,19.61,10.89
Correlation to Points,,,,,,,,,,,,,,,,,,,,,,,,,,,,,,,,,,,,,,,,,,,,,,,,,,,,,,,,,,,,,,,,,,,,,,,,,,,,,,,,,,,,,,,,,,,,,,,,,,,,,,,,,,,,,,,,,,,,,,,,,,,,,,,,,,,,,,,,,,,,,,,,,,,,,,,,,,,,,,,,,,,,,,,,,,,,,,,,,,,,,,,,,,,,,,,,,,,,,,,,,,,,,,,,,,,,,,,,,,,,,,,,,,,,,,,,,,,,,,,,,,,,,,,,,,,,,,,,,,,,,,,,,,,
Correlation to Position,,,,,,,,,,,,,,,,,,,,,,,,,,,,,,,,,,,,,,,,,,,,,,,,,,,,,,,,,,,,,,,,,,,,,,,,,,,,,,,,,,,,,,,,,,,,,,,,,,,,,,,,,,,,,,,,,,,,,,,,,,,,,,,,,,,,,,,,,,,,,,,,,,,,,,,,,,,,,,,,,,,,,,,,,,,,,,,,,,,,,,,,,,,,,,,,,,,,,,,,,,,,,,,,,,,,,,,,,,,,,,,,,,,,,,,,,,,,,,,,,,,,,,,,,,,,,,,,,,,,,,,,,,,
Correlation to Combined Score,,,,,,,,,,,,,,,,,,,,,,,,,,,,,,,,,,,,,,,,,,,,,,,,,,,,,,,,,,,,,,,,,,,,,,,,,,,,,,,,,,,,,,,,,,,,,,,,,,,,,,,,,,,,,,,,,,,,,,,,,,,,,,,,,,,,,,,,,,,,,,,,,,,,,,,,,,,,,,,,,,,,,,,,,,,,,,,,,,,,,,,,,,,,,,,,,,,,,,,,,,,,,,,,,,,,,,,,,,,,,,,,,,,,,,,,,,,,,,,,,,,,,,,,,,,,,,,,,,,,,,,,,,,
Mean,,,,,,,,,,,,,,,,,,,,,,,,,,,,,,,,,,,,,,,,,,,,,,,,,,,,,,,,,,,,,,,,,,,,,,,,,,,,,,,,,,,,,,,,,,,,,,,,,,,,,,,,,,,,,,,,,,,,,,,,,,,,,,,,,,,,,,,,,,,,,,,,,,,,,,,,,,,,,,,,,,,,,,,,,,,,,,,,,,,,,,,,,,,,,,,,,,,,,,,,,,,,,,,,,,,,,,,,,,,,,,,,,,,,,,,,,,,,,,,,,,,,,,,,,,,,,,,,,,,,,,,,,,,
STDEV,,,,,,,,,,,,,,,,,,,,,,,,,,,,,,,,,,,,,,,,,,,,,,,,,,,,,,,,,,,,,,,,,,,,,,,,,,,,,,,,,,,,,,,,,,,,,,,,,,,,,,,,,,,,,,,,,,,,,,,,,,,,,,,,,,,,,,,,,,,,,,,,,,,,,,,,,,,,,,,,,,,,,,,,,,,,,,,,,,,,,,,,,,,,,,,,,,,,,,,,,,,,,,,,,,,,,,,,,,,,,,,,,,,,,,,,,,,,,,,,,,,,,,,,,,,,,,,,,,,,,,,,,,,
Range,,,,,,,,,,,,,,,,,,,,,,,,,,,,,,,,,,,,,,,,,,,,,,,,,,,,,,,,,,,,,,,,,,,,,,,,,,,,,,,,,,,,,,,,,,,,,,,,,,,,,,,,,,,,,,,,,,,,,,,,,,,,,,,,,,,,,,,,,,,,,,,,,,,,,,,,,,,,,,,,,,,,,,,,,,,,,,,,,,,,,,,,,,,,,,,,,,,,,,,,,,,,,,,,,,,,,,,,,,,,,,,,,,,,,,,,,,,,,,,,,,,,,,,,,,,,,,,,,,,,,,,,,,,
Normalize,,,,,,,,,,,,,,,,,,,,,,,,,,,,,,,,,,,,,,,,,,,,,,,,,,,,,,,,,,,,,,,,,,,,,,,,,,,,,,,,,,,,,,,,,,,,,,,,,,,,,,,,,,,,,,,,,,,,,,,,,,,,,,,,,,,,,,,,,,,,,,,,,,,,,,,,,,,,,,,,,,,,,,,,,,,,,,,,,,,,,,,,,,,,,,,,,,,,,,,,,,,,,,,,,,,,,,,,,,,,,,,,,,,,,,,,,,,,,,,,,,,,,,,,,,,,,,,,,,,,,,,,,,,
,,,,,,,,,,,,,0.6867263190765577,,,,,,,,,,,,,,,,,,,,,,,,,,,,,,,,,,,,,,,,,,,,,,,,,,,,,,,,,,,,,,,,,,,,,,,,,,,,,,,,,,,,,,,,,,,,,,,,,,,,,,,,,,,,,,,,,,,,,,,,,,,,,,,,,,,,,,,,,,,,,,,,,,,,,,,,,,,,,,,,,,,,,,,,,,,,,,,,,,,,,,,,,,,,,,,,,,,,,,,,,,,,,,,,,,,,,,,,,,,,,,,,,,,,,,,,,,,,,,,,,,,,,,,,,,,,,,
,,,,,,,,,,,,,-0.6646978894984363,,,,,,,,,,,,,,,,,,,,,,,,,,,,,,,,,,,,,,,,,,,,,,,,,,,,,,,,,,,,,,,,,,,,,,,,,,,,,,,,,,,,,,,,,,,,,,,,,,,,,,,,,,,,,,,,,,,,,,,,,,,,,,,,,,,,,,,,,,,,,,,,,,,,,,,,,,,,,,,,,,,,,,,,,,,,,,,,,,,,,,,,,,,,,,,,,,,,,,,,,,,,,,,,,,,,,,,,,,,,,,,,,,,,,,,,,,,,,,,,,,,,,,,,,,,,,,
,,,,,,,,,,,,,0.6973794809617645,,,,,,,,,,,,,,,,,,,,,,,,,,,,,,,,,,,,,,,,,,,,,,,,,,,,,,,,,,,,,,,,,,,,,,,,,,,,,,,,,,,,,,,,,,,,,,,,,,,,,,,,,,,,,,,,,,,,,,,,,,,,,,,,,,,,,,,,,,,,,,,,,,,,,,,,,,,,,,,,,,,,,,,,,,,,,,,,,,,,,,,,,,,,,,,,,,,,,,,,,,,,,,,,,,,,,,,,,,,,,,,,,,,,,,,,,,,,,,,,,,,,,,,,,,,,,,
